ID,Monoion,polarity,Ion type,Formula_or_subunit_or_sequence,CompoundID_or_species,Possible_origin_and_other_comments 
conta_1,33.03349,pos,[M+H]+,CH3OH,Methanol,"Acetonitrile, solvent"
conta_2,42.03383,pos,[M+H]+,CH3CN,ACN,"Acetonitrile, solvent"
conta_3,59.06037,pos,[M+NH4]+,CH3CN,ACN,"Acetonitrile, solvent"
conta_4,63.04406,pos,[A1B+H]+,[C2H4O]nH2O,PEG,"Polyethylene glycol, ubiquitous polyether"
conta_5,64.01577,pos,[M+Na]+,CH3CN,ACN,"Acetonitrile, solvent"
conta_6,65.05971,pos,[M2+H]+,CH3OH,Methanol,"Methanol, solvent"
conta_7,74.06004,pos,[M+H]+,C3H7NO,Dimethyl formamide,solvent
conta_8,74.06004,pos,[A1B1+H]+,(CH3CN)n(CH3OH)m,Acetonitrile/Methanol,ESI solvents
conta_9,77.05971,pos,[A1B+H]+,[C3H6O]nH2O,PPG,"Polypropylene glycol, ubiquitous polyether"
conta_10,79.02121,pos,[M+H]+,C2H6OS,DMSO,"Dimethylsulfoxide, solvent"
conta_11,83.06037,pos,[M2+H]+,CH3CN,Acetonitrile,ESI solvents
conta_12,85.026,pos,[A1B+Na]+,[C2H4O]nH2O,PEG,"Polyethylene glycol, ubiquitous polyether"
conta_13,85.05887,pos,[M+H]+,C2D6OS,d6-DMSO,"d6-Dimethylsulfoxide, solvent"
conta_14,88.03931,pos,[A1B1+H]+,(CH3CN)n(HCOOH)m,Acetonitrile/Formic Acid,ESI solvents
conta_15,96.04198,pos,[A1B1+Na]+,(CH3CN)n(CH3OH)m,Acetonitrile/Methanol,ESI solvents
conta_16,99.04165,pos,[A1B+Na]+,[C3H6O]nH2O,PPG,"Polypropylene glycol, ubiquitous polyether"
conta_17,100.07569,pos,[M+H]+,C5H10NO,NMP,"N-methyl 2-pyrrolidone; solvent, floor stripper"
conta_18,100.99994,pos,[A1B+K]+,[C2H4O]nH2O,PEG,"Polyethylene glycol, ubiquitous polyether"
conta_19,101.00316,pos,[M+Na]+,C2H6OS,DMSO,"Dimethylsulfoxide, solvent"
conta_20,101.08084,pos,[A2B2+H]+,[MeOH]n[H2O]m,Methanol/Water,ESI solvents
conta_21,102.05496,pos,[A1B1+H]+,(CH3CN)n(CH3COOH)m,Acetonitrile/Acetic Acid,ESI solvents
conta_22,102.12773,pos,[M+H]+,C6H15N,TEA,"Triethylamine, buffer"
conta_23,103.9556,pos,[M+63Cu]+,C2H3N,ACN,"Acetonitrile, solvent"
conta_24,104.99229,pos,[M+Na]+,C2H3O2Na,Sodium acetate,ESI solvents
conta_25,105.04232,pos,[M2+Na]+,C2H3N,ACN,"Acetonitrile, solvent"
conta_26,105.95379,pos,[M+65Cu]+,C2H3N,ACN,"Acetonitrile, solvent"
conta_27,107.07027,pos,[A2B+H]+,[C2H4O]nH2O,PEG,"Polyethylene glycol, ubiquitous polyether"
conta_28,115.01559,pos,[A1B+K]+,[C3H6O]nH2O,PPG,"Polypropylene glycol, ubiquitous polyether"
conta_29,115.08659,pos,[A1B1+H]+,(CH3CN)n(C3H7NO)m,Acetonitrile/Dimethylformamide,solvent
conta_30,120.04776,pos,[M+CH3CN+H]+,C2H6OS,DMSO,"Dimethylsulfoxide, solvent"
conta_31,122.08117,pos,[M+H]+,C4H11NO3,TRIS,"TRIS, buffer"
conta_32,123.06278,pos,[A2B2+Na]+,[MeOH]n[H2O]m,Methanol/Water,ESI solvents
conta_33,123.09167,pos,[M+H]+,C7H10N2,DMAP,"Dimethylaminopyridine, solvent"
conta_34,124.0369,pos,[A1B1+Na]+,(CH3CN)n(CH3COOH)m,Acetonitrile/Acetic Acid,ESI solvents
conta_35,129.05222,pos,[A2B+Na]+,[C2H4O]nH2O,PEG,"Polyethylene glycol, ubiquitous polyether"
conta_36,130.15903,pos,[M+H]+,C8H19N,DIPEA,"Diisopropylethylamine, solvent"
conta_37,132.9049,pos,M+,Cs,Cs-133,"Cesium, from Cesium Iodide used as calibrant"
conta_38,133.10705,pos,[A3B2+H]+,[MeOH]n[H2O]m,Methanol/Water,ESI solvents
conta_39,135.10157,pos,[A2B+H]+,[C3H6O]nH2O,PPG,"Polypropylene glycol, ubiquitous polyether"
conta_40,137.07431,pos,[M+CH3CN+NH4]+,C2H6OS,DMSO,"Dimethylsulfoxide, solvent"
conta_41,142.02971,pos,[M+CH3CN+Na]+,C2H6OS,DMSO,"Dimethylsulfoxide, solvent"
conta_42,144.17468,pos,[M+H]+,C9H21N,TPA,"Tripropylamine, solvent"
conta_43,144.98215,pos,[M2+63Cu]+,CH3CN,ACN,"Acetonitrile, solvent, together with m/z 147"
conta_44,145.02615,pos,[A2B+K]+,[C2H4O]nH2O,PEG,"Polyethylene glycol, ubiquitous polyether"
conta_45,146.06887,pos,[M3+Na]+,CH3CN,ACN,"Acetonitrile, solvent"
conta_46,146.98034,pos,[M2+65Cu]+,CH3CN,ACN,"Acetonitrile, solvent, together with m/z 145"
conta_47,147.1128,pos,[A2B2+H]+,(CH3CN)n(CH3OH)m,Acetonitrile/Methanol,ESI solvents
conta_48,149.02332,pos,[f+H]+,C8H4O3,Pthalic Anhydride,fragment ion originating from phthalate esters
conta_49,150.12773,pos,[M+H]+,C10H15N,Phenyldiethylamine,solvent
conta_50,151.09649,pos,[A3B+H]+,[C2H4O]nH2O,PEG,"Polyethylene glycol, ubiquitous polyether"
conta_51,153.13862,pos,[M+H]+,C9H16N2,DBU,"1,8-Diazabicyclo[5.4.0]undec-7-ene"
conta_52,155.089,pos,[A3B2+Na]+,[MeOH]n[H2O]m,Methanol/Water,ESI solvents
conta_53,157.03515,pos,[M2+H]+,C2H6OS,DMSO,"Dimethylsulfoxide, solvent"
conta_54,157.08352,pos,[A2B+Na]+,[C3H6O]nH2O,PPG,"Polypropylene glycol, ubiquitous polyether"
conta_55,158.96403,pos,[M+Na]+,C2F3O2Na,NaTFA,"Sodium trifluoroacetate, salt"
conta_56,163.03897,pos,[M-CH3OH+H]+,C10H10O4,Dimethyl phthalate,"Phthalate esters, plasticizer"
conta_57,163.13287,pos,[M+H]+,C8H18O3,DGBE,"Diethylene glycol monobutyl ether, cpd. In scintillation cocktail"
conta_58,169.09475,pos,[A2B2+Na]+,(CH3CN)n(CH3OH)m,Acetonitrile/Methanol,ESI solvents
conta_59,169.11046,pos,[M2+H]+,C2D6OS,d6-DMSO,"d6-Dimethylsulfoxide, solvent"
conta_60,171.00527,pos,[f+Na]+,C8H4O3,Phthalic anhydride,"from phthalate esters, plasticizer"
conta_61,172.03931,pos,[M-H2O+H]+,C10H7NO3,4-HCCA,matrix compound
conta_62,173.05745,pos,[A2B+K]+,[C3H6O]nH2O,PPG,"Polypropylene glycol, ubiquitous polyether"
conta_63,173.07843,pos,[A3B+Na]+,[C2H4O]nH2O,PEG,"Polyethylene glycol, ubiquitous polyether"
conta_64,179.01709,pos,[M2+Na]+,C2H6OS,DMSO,"Dimethylsulfoxide, solvent"
conta_65,181.12231,pos,[M+H]+,C11H16O2,BHA,"Butylated hydroxyanisole, antioxidant additives"
conta_66,183.08044,pos,[M+H]+,C13H10O,DPK,Diphenyl ketone
conta_67,183.14383,pos,[A4B3+H]+,[MeOH]n[H2O]m,Methanol/Water,ESI solvents
conta_68,185.11482,pos,[M+Na]+,C8H18O3,GE,glycol ether
conta_69,186.22163,pos,[M+H]+,C12H27N,TBA,"Tributylamine, solvent"
conta_70,189.05237,pos,[A3B+K]+,[C2H4O]nH2O,PEG,"Polyethylene glycol, ubiquitous polyether"
conta_71,190.04987,pos,[M+H]+,C10H7NO3,4-HCCA,matrix compound
conta_72,193.14344,pos,[A3B+H]+,[C3H6O]nH2O,PPG,"Polypropylene glycol, ubiquitous polyether"
conta_73,195.06519,pos,[M+H]+,C10H10O4,Dimethyl phthalate,"Phthalate esters, plasticizer"
conta_74,195.1227,pos,[A4B+H]+,[C2H4O]nH2O,PEG,"Polyethylene glycol, ubiquitous polyether"
conta_75,203.10425,pos,[M+Na]+,C11H16O2,BHA,"Butylated hydroxyanisole, antioxidant additives"
conta_76,205.12578,pos,[A4B3+Na]+,[MeOH]n[H2O]m,Methanol/Water,ESI solvents
conta_77,212.03181,pos,[M+Na]+,C10H7NO3,4-HCCA,"matrix compound, sodiated"
conta_78,214.08963,pos,[M+H]+,C10H15NO2S,n-BBS,"n-butyl benzenesulfonamide, plasticizer"
conta_79,215.12538,pos,[A3B+Na]+,[C3H6O]nH2O,PPG,"Polypropylene glycol, ubiquitous polyether"
conta_80,217.10465,pos,[A4B+Na]+,[C2H4O]nH2O,PEG,"Polyethylene glycol, ubiquitous polyether"
conta_81,221.18999,pos,[M+H]+,C15H24O,BTH,"Butylated hydroxytoluene, Antioxidant"
conta_82,225.19614,pos,[M+H]+,C13H24N2O,DCU,"N,N'-Dicyclohexylurea"
conta_83,228.00575,pos,[M+K]+,C10H7NO3,4-HCCA,"matrix compound, potassiated"
conta_84,231.09932,pos,[A3B+K]+,[C3H6O]nH2O,PPG,"Polypropylene glycol, ubiquitous polyether"
conta_85,231.11618,pos,[M+NH4]+,C10H15NO2S,n-BBS,"n-butyl benzenesulfonamide, plasticizer"
conta_86,233.07858,pos,[A4B+K]+,[C2H4O]nH2O,PEG,"Polyethylene glycol, ubiquitous polyether"
conta_87,236.07157,pos,[M+Na]+,C10H15NO2S,n-BBS,"n-butyl benzenesulfonamide, plasticizer"
conta_88,239.14892,pos,[A5B+H]+,[C2H4O]nH2O,PEG,"Polyethylene glycol, ubiquitous polyether"
conta_89,239.22485,pos,[(M.H35Cl)2-Cl]+,C6H15N,TEA.HCl,"Triethylamine-hydrochloride, buffer"
conta_90,241.2219,pos,[(M.H37Cl)2-Cl]+,C6H15N,TEA.HCl,"Triethylamine-hydrochloride, buffer"
conta_91,242.28423,pos,M+,C16H36N,TBA,"Tetrabutylammonium, buffer"
conta_92,243.11683,pos,M+,C19H15,Trityl cation,"Trityl cation, [Ph3C]+"
conta_93,243.17194,pos,[M+Na]+,C15H24O,BTH,"Butylated hytroxytoluene, Antioxidant additives"
conta_94,251.1853,pos,[A4B+H]+,[C3H6O]nH2O,PPG,"Polypropylene glycol, ubiquitous polyether"
conta_95,251.20056,pos,[AB1+H]+,[C14H22O][C2H4O]n,Triton,"X-100, X-114, X-405, or X-45 Detergents"
conta_96,257.03103,pos,[M3+Na]+,C2H6OS,DMSO,"Dimethylsulfoxide, solvent"
conta_97,261.13086,pos,[A5B+Na]+,[C2H4O]nH2O,PEG,"Polyethylene glycol, ubiquitous polyether"
conta_98,265.21621,pos,[AB1+H]+,[C15H24O][C2H4O]n,Triton,101 Detergents
conta_99,267.17197,pos,[M+H]+,C12H27O4P,TBP,Tributylphosphate
conta_100,273.12739,pos,M+,C20H17O,MMT,Monomethoxytrityl cation
conta_101,273.16725,pos,[A4B+Na]+,[C3H6O]nH2O,PPG,"Polypropylene glycol, ubiquitous polyether"
conta_102,273.1825,pos,[AB1+Na]+,[C14H22O][C2H4O]n,Triton,"X-100, X-114, X-405, or X-45 Detergents"
conta_103,277.1048,pos,[A5B+K]+,[C2H4O]nH2O,PEG,"Polyethylene glycol, ubiquitous polyether"
conta_104,279.09333,pos,[M+H]+,C18H15OP,TPO,Triphenylphosphine oxide
conta_105,279.15909,pos,[M+H]+,C16H22O4,Dibutylphthalate,"Plasticiser, phtalate ester"
conta_106,279.22945,pos,[AB1+Na]+,[C14H28O][C2H4O]n,"Triton, reduced","X-100R, X-114R, X-405R, or X-45R Detergents"
conta_107,282.27914,pos,[M+H]+,C18H35NO,Oleamide,Slip agent in polyethylene films
conta_108,283.17513,pos,[A6B+H]+,[C2H4O]nH2O,PEG,"Polyethylene glycol, ubiquitous polyether"
conta_109,284.29479,pos,[M+H]+,C18H37NO,Stearamide,Slip agent in polyethylene films
conta_110,287.19815,pos,[AB1+Na]+,[C15H24O][C2H4O]n,Triton,101 Detergents
conta_111,288.25332,pos,[M+H]+,C16H33NO3,"n,n-DDA","n,n-bis(2-hydroxyethyl) dodecanamide, anti-static agent"
conta_112,289.14118,pos,[A4B+K]+,[C3H6O]nH2O,PPG,"Polypropylene glycol, ubiquitous polyether"
conta_113,293.2451,pos,[AB1+Na]+,[C15H30O][C2H4O]n,"Triton, reduced",101R Detergents
conta_114,295.22677,pos,[AB2+H]+,[C14H22O][C2H4O]n,Triton,"X-100, X-114, X-405, or X-45 Detergents"
conta_115,301.14103,pos,[M+Na]+,C16H22O4,Dibutylphthalate,"Dibutylphthalate, plasticizer"
conta_116,304.26108,pos,[M+Na]+,C18H35NO,Oleamide,Slip agent in polyethylene films
conta_117,305.15708,pos,[A6B+Na]+,[C2H4O]nH2O,PEG,"Polyethylene glycol, ubiquitous polyether"
conta_118,306.27673,pos,[M+Na]+,C18H37NO,Stearamide,Slip agent in polyethylene films
conta_119,309.22717,pos,[A5B+H]+,[C3H6O]nH2O,PPG,"Polypropylene glycol, ubiquitous polyether"
conta_120,309.24242,pos,[AB2+H]+,[C15H24O][C2H4O]n,Triton,101 Detergents
conta_121,315.25299,pos,[M+H]+,C18H34O4,DBS,"Dibutyl sebacate, plasticizer"
conta_122,317.11497,pos,[M+K]+,C16H22O4,Dibutylphthalate,"Dibutylphthalate, plasticizer"
conta_123,317.20872,pos,[AB2+Na]+,[C14H22O][C2H4O]n,Triton,"X-100, X-114, X-405, or X-45 Detergents"
conta_124,321.13101,pos,[A6B+K]+,[C2H4O]nH2O,PEG,"Polyethylene glycol, ubiquitous polyether"
conta_125,323.25567,pos,[AB2+Na]+,[C14H28O][C2H4O]n,"Triton, reduced","X-100R, X-114R, X-405R, or X-45R Detergents"
conta_126,325.25847,pos,[M2+H]+,C8H18O3,DGBE,"Diethylene glycol monobutyl ether, cpd. In scintillation cocktail"
conta_127,327.07807,pos,[M+H]+,C18H15O4P,TPP,"Triphenyl phosphate, flame retardant in plastics"
conta_128,327.20135,pos,[A7B+H]+,[C2H4O]nH2O,PEG,"Polyethylene glycol, ubiquitous polyether"
conta_129,331.20911,pos,[A5B+Na]+,[C3H6O]nH2O,PPG,"Polypropylene glycol, ubiquitous polyether"
conta_130,331.22437,pos,[AB2+Na]+,[C15H24O][C2H4O]n,Triton,101 Detergents
conta_131,337.11841,pos,[M+H]+;  (120Sn),C13H28O2Sn,Tributyl tin formate,"Tributyl tin formate, catalyst"
conta_132,337.27132,pos,[AB2+Na]+,[C15H30O][C2H4O]n,"Triton, reduced",101R Detergents
conta_133,338.34174,pos,[M+H]+,C22H43NO,Erucamide,"Erucamide, (Cis-13-docosenoic amide)"
conta_134,339.25299,pos,[AB3+H]+,[C14H22O][C2H4O]n,Triton,"X-100, X-114, X-405, or X-45 Detergents"
conta_135,347.18305,pos,[A5B+K]+,[C3H6O]nH2O,PPG,"Polypropylene glycol, ubiquitous polyether"
conta_136,349.18329,pos,[A7B+Na]+,[C2H4O]nH2O,PEG,"Polyethylene glycol, ubiquitous polyether"
conta_137,353.26864,pos,[AB3+H]+,[C15H24O][C2H4O]n,Triton,101 Detergents
conta_138,355.06994,pos,[M+H-CH4]+,[C2H6SiO]5,Polysiloxane,"Polysiloxane, (neutral methane loss from m/z 371)"
conta_139,355.36829,pos,[M-Cl]+,C22H47N2OCl,,"Palmitamidopropyl-trimonium chloride, personal care products additive"
conta_140,360.32368,pos,[M+Na]+,C22H43NO,Erucamide,"Erucamide, (Cis-13-docosenoic amide)"
conta_141,361.23493,pos,[AB3+Na]+,[C14H22O][C2H4O]n,Triton,"X-100, X-114, X-405, or X-45 Detergents"
conta_142,365.15723,pos,[A7B+K]+,[C2H4O]nH2O,PEG,"Polyethylene glycol, ubiquitous polyether"
conta_143,367.26903,pos,[A6B+H]+,[C3H6O]nH2O,PPG,"Polypropylene glycol, ubiquitous polyether"
conta_144,367.28188,pos,[AB3+Na]+,[C14H28O][C2H4O]n,"Triton, reduced","X-100R, X-114R, X-405R, or X-45R Detergents"
conta_145,368.42508,pos,[M-Cl]+,C25H54NCl,BTAC-228,"Behentrimonium chloride, personal care product additive"
conta_146,371.10124,pos,[M+H]+,[C2H6SiO]5,Polysiloxane,"Polysiloxane, followed by m/z 388"
conta_147,371.22756,pos,[A8B+H]+,[C2H4O]nH2O,PEG,"Polyethylene glycol, ubiquitous polyether"
conta_148,371.31559,pos,[M+H]+,C22H42O4,DEHA,"Bis(2-ethylhexyl) adipate, plasticizer"
conta_149,371.31559,pos,[M+H]+,C22H42O4,DOA,"Dioctyl adipate, plasticizer"
conta_150,375.25058,pos,[AB3+Na]+,[C15H24O][C2H4O]n,Triton,101 Detergents
conta_151,379.09246,pos,[M2+H]+,C10H7NO3,4-HCCA,"matrix cluster, dimer"
conta_152,381.29753,pos,[AB3+Na]+,[C15H30O][C2H4O]n,"Triton, reduced",101R Detergents
conta_153,383.2792,pos,[AB4+H]+,[C14H22O][C2H4O]n,Triton,"X-100, X-114, X-405, or X-45 Detergents"
conta_154,388.12779,pos,[M+NH4]+,[C2H6SiO]5,Polysiloxane,"Polysiloxane, (see m/z 371)"
conta_155,389.25098,pos,[A6B+Na]+,[C3H6O]nH2O,PPG,"Polypropylene glycol, ubiquitous polyether"
conta_156,391.28429,pos,[M+H]+,C24H38O4,Diisooctyl phthalate,"Diisooctyl phthalate, plasticiser"
conta_157,393.20951,pos,[A8B+Na]+,[C2H4O]nH2O,PEG,"Polyethylene glycol, ubiquitous polyether"
conta_158,397.29485,pos,[AB4+H]+,[C15H24O][C2H4O]n,Triton,101 Detergents
conta_159,405.22491,pos,[A6B+K]+,[C3H6O]nH2O,PPG,"Polypropylene glycol, ubiquitous polyether"
conta_160,405.26115,pos,[AB4+Na]+,[C14H22O][C2H4O]n,Triton,"X-100, X-114, X-405, or X-45 Detergents"
conta_161,409.18344,pos,[A8B+K]+,[C2H4O]nH2O,PEG,"Polyethylene glycol, ubiquitous polyether"
conta_162,411.3081,pos,[AB4+Na]+,[C14H28O][C2H4O]n,"Triton, reduced","X-100R, X-114R, X-405R, or X-45R Detergents"
conta_163,413.26623,pos,[M+Na]+,C24H38O4,Diisooctyl phthalate,"Diisooctyl phthalate, plasticiser"
conta_164,415.25378,pos,[A9B+H]+,[C2H4O]nH2O,PEG,"Polyethylene glycol, ubiquitous polyether"
conta_165,419.2768,pos,[AB4+Na]+,[C15H24O][C2H4O]n,Triton,101 Detergents
conta_166,425.3109,pos,[A7B+H]+,[C3H6O]nH2O,PPG,"Polypropylene glycol, ubiquitous polyether"
conta_167,425.32375,pos,[AB4+Na]+,[C15H30O][C2H4O]n,"Triton, reduced",101R Detergents
conta_168,427.30542,pos,[AB5+H]+,[C14H22O][C2H4O]n,Triton,"X-100, X-114, X-405, or X-45 Detergents"
conta_169,429.08873,pos,[M+H-CH4]+,[C2H6SiO]6,Polysiloxane,"Polysiloxane, (neutral methane loss from m/z 445)"
conta_170,429.24017,pos,[M+K]+,C24H38O4,Diisooctyl phthalate,"Diisooctyl phthalate, plasticiser"
conta_171,437.23572,pos,[A9B+Na]+,[C2H4O]nH2O,PEG,"Polyethylene glycol, ubiquitous polyether"
conta_172,441.01479,pos,[M3+63Cu(I)]+,C10H7NO3,4-HCCA,"matrix-copper adduct, together with m/z 443"
conta_173,441.32107,pos,[AB5+H]+,[C15H24O][C2H4O]n,Triton,101 Detergents
conta_174,443.01298,pos,[M3+65Cu(I)]+,C10H7NO3,4-HCCA,"matrix-copper adduct, together with m/z 443"
conta_175,445.12003,pos,[M+H]+,[C2H6SiO]6,Polysiloxane,"Polysiloxane, followed by m/z 462"
conta_176,447.29284,pos,[M+H]+,[C3H6O]nH2O,PPG,"Polypropylene glycol, ubiquitous polyether"
conta_177,449.28736,pos,[AB5+Na]+,[C14H22O][C2H4O]n,Triton,"X-100, X-114, X-405, or X-45 Detergents"
conta_178,449.385,pos,[M2+H]+,C13H24N2O,DCU,"N,N'-Dicyclohexylurea"
conta_179,453.20966,pos,[A9B+K]+,[C2H4O]nH2O,PEG,"Polyethylene glycol, ubiquitous polyether"
conta_180,453.34353,pos,[M+H]+,C24H44N4O4,nylon ,"Cyclic oligomer of polyamide 66, (adipic acid/hexylmethylene diamine condensation) "
conta_181,454.29278,pos,[M+CH3CN+Na]+,C24H38O4,Diisooctyl phthalate,"Diisooctyl phthalate, plasticiser"
conta_182,455.33431,pos,[AB5+Na]+,[C14H28O][C2H4O]n,"Triton, reduced","X-100R, X-114R, X-405R, or X-45R Detergents"
conta_183,459.27999,pos,[A10B+H]+,[C2H4O]nH2O,PEG,"Polyethylene glycol, ubiquitous polyether"
conta_184,462.14658,pos,[M+NH4]+,[C2H6SiO]6,Polysiloxane,Polysiloxane (see m/z 445)
conta_185,463.26678,pos,[A7B+K]+,[C3H6O]nH2O,PPG,"Polypropylene glycol, ubiquitous polyether"
conta_186,463.30301,pos,[AB5+Na]+,[C15H24O][C2H4O]n,Triton,101 Detergents
conta_187,469.34996,pos,[AB5+Na]+,[C15H30O][C2H4O]n,"Triton, reduced",101R Detergents
conta_188,471.33163,pos,[AB6+H]+,[C14H22O][C2H4O]n,Triton,"X-100, X-114, X-405, or X-45 Detergents"
conta_189,472.28781,pos,[M+H]+,SLPR,Peptide,porcine trypsin
conta_190,481.26194,pos,[A10B+Na]+,[C2H4O]nH2O,PEG,"Polyethylene glycol, ubiquitous polyether"
conta_191,483.35276,pos,[A8B+H]+,[C3H6O]nH2O,PPG,"Polypropylene glycol, ubiquitous polyether"
conta_192,485.34728,pos,[AB6+H]+,[C15H24O][C2H4O]n,Triton,101 Detergents
conta_193,493.31358,pos,[AB6+Na]+,[C14H22O][C2H4O]n,Triton,"X-100, X-114, X-405, or X-45 Detergents"
conta_194,494.56593,pos,[M-Cl]+,C34H72NCl,DPDMA,"Dipalmityldimethylammonium chloride, catalyst, personal care products additive"
conta_195,497.23587,pos,[A10B+K]+,[C2H4O]nH2O,PEG,"Polyethylene glycol, ubiquitous polyether"
conta_196,499.36053,pos,[AB6+Na]+,[C14H28O][C2H4O]n,"Triton, reduced","X-100R, X-114R, X-405R, or X-45R Detergents"
conta_197,503.10752,pos,[M+H-CH4]+,[C2H6SiO]7,Polysiloxane,"Polysiloxane, (neutral methane loss from m/z 519)"
conta_198,503.30621,pos,[A11B+H]+,[C2H4O]nH2O,PEG,"Polyethylene glycol, ubiquitous polyether"
conta_199,505.33471,pos,[A8B+Na]+,[C3H6O]nH2O,PPG,"Polypropylene glycol, ubiquitous polyether"
conta_200,507.32923,pos,[AB6+Na]+,[C15H24O][C2H4O]n,Triton,101 Detergents
conta_201,513.37618,pos,[AB6+Na]+,[C15H30O][C2H4O]n,"Triton, reduced",101R Detergents
conta_202,515.33001,pos,[M+H]+,IQVR,Peptide,trypsin-like artefact
conta_203,515.35785,pos,[AB7+H]+,[C14H22O][C2H4O]n,Triton,"X-100, X-114, X-405, or X-45 Detergents"
conta_204,515.41286,pos,[M+H]+,C30H58O4S,DDTDP,"Didodecyl 3,3¡ä-thiodipropionate, antioxidant"
conta_205,519.13882,pos,[M+H]+,[C2H6SiO]7,Polysiloxane,"Polysiloxane, followed by m/z 536"
conta_206,521.30864,pos,[A8B+K]+,[C3H6O]nH2O,PPG,"Polypropylene glycol, ubiquitous polyether"
conta_207,522.59723,pos,[M-Cl]+,C36H76NCl,SPDMA,"Stearyl-palmityldimethylammonium chloride, catalyst, personal care product additive"
conta_208,525.28815,pos,[A11B+Na]+,[C2H4O]nH2O,PEG,"Polyethylene glycol, ubiquitous polyether"
conta_209,529.3735,pos,[AB7+H]+,[C15H24O][C2H4O]n,Triton,101 Detergents
conta_210,531.40777,pos,[M+H]+,C30H58O5S,DDTDP,"Didodecyl 3,3¡ä-thiodipropionate oxidized to sulfoxide, antioxidant"
conta_211,531.47717,pos,[M+H]+,C35H62O3,Irganox,"Irganox 1076, antioxidant in synthetic polymers, antioxidant"
conta_212,536.16537,pos,[M+NH4]+,[C2H6SiO]7,Polysiloxane,Polysiloxane (see m/z 519)
conta_213,537.33979,pos,[AB7+Na]+,[C14H22O][C2H4O]n,Triton,"X-100, X-114, X-405, or X-45 Detergents"
conta_214,537.87901,pos,[M6-6H+3Fe+O]+,C2H4O2,Acetic acid-Fe-O- complex,during ESI with metal tips and acetic acid
conta_215,541.26209,pos,[A11B+K]+,[C2H4O]nH2O,PEG,"Polyethylene glycol, ubiquitous polyether"
conta_216,541.39463,pos,[A9B+H]+,[C3H6O]nH2O,PPG,"Polypropylene glycol, ubiquitous polyether"
conta_217,543.38674,pos,[AB7+Na]+,[C14H28O][C2H4O]n,"Triton, reduced","X-100R, X-114R, X-405R, or X-45R Detergents"
conta_218,547.33242,pos,[A12B+H]+,[C2H4O]nH2O,PEG,"Polyethylene glycol, ubiquitous polyether"
conta_219,547.40269,pos,[M+H]+,C30H58O6S,DDTDP,"Didodecyl 3,3¡ä-thiodipropionate oxidized to sulfone, antioxidant"
conta_220,550.62853,pos,[M-Cl]+,C38H80NCl,DSDMA,"Distearyldimethylammonium chloride, catalyst, personal care products additive"
conta_221,551.35544,pos,[AB7+Na]+,[C15H24O][C2H4O]n,Triton,101 Detergents
conta_222,553.38972,pos,[M+Na]+,C30H58O5S,DDTDP,"Didodecyl 3,3¡ä-thiodipropionate oxidized to sulfoxide, antioxidant"
conta_223,553.45912,pos,[M+Na]+,C35H62O3,Irganox,"Irganox 1076, antioxidant in synthetic polymers, antioxidant"
conta_224,555.88957,pos,[M6-6H+H2O+3Fe+O]+,C2H4O2,Acetic acid-Fe-O- complex,during ESI with metal tips and acetic acid
conta_225,557.40239,pos,[AB7+Na]+,[C15H30O][C2H4O]n,"Triton, reduced",101R Detergents
conta_226,559.38406,pos,[AB8+H]+,[C14H22O][C2H4O]n,Triton,"X-100, X-114, X-405, or X-45 Detergents"
conta_227,563.37657,pos,[A9B+Na]+,[C3H6O]nH2O,PPG,"Polypropylene glycol, ubiquitous polyether"
conta_228,568.13506,pos,[M3+H]+,C10H7NO3,4-HCCA,"matrix cluster, trimer"
conta_229,569.31437,pos,[A12B+Na]+,[C2H4O]nH2O,PEG,"Polyethylene glycol, ubiquitous polyether"
conta_230,571.35622,pos,[M+H]+,VSLPR,Peptide,porcine trypsin
conta_231,573.39971,pos,[AB8+H]+,[C15H24O][C2H4O]n,Triton,101 Detergents
conta_232,577.12631,pos,[M+H-CH4]+,[C2H6SiO]8,Polysiloxane,"Polysiloxane, (neutral methane loss from m/z 593)"
conta_233,579.35051,pos,[A9B+K]+,[C3H6O]nH2O,PPG,"Polypropylene glycol, ubiquitous polyether"
conta_234,581.36601,pos,[AB8+Na]+,[C14H22O][C2H4O]n,Triton,"X-100, X-114, X-405, or X-45 Detergents"
conta_235,585.2883,pos,[A12B+K]+,[C2H4O]nH2O,PEG,"Polyethylene glycol, ubiquitous polyether"
conta_236,587.41296,pos,[AB8+Na]+,[C14H28O][C2H4O]n,"Triton, reduced","X-100R, X-114R, X-405R, or X-45R Detergents"
conta_237,591.35864,pos,[A13B+H]+,[C2H4O]nH2O,PEG,"Polyethylene glycol, ubiquitous polyether"
conta_238,593.15761,pos,[M+H]+,[C2H6SiO]8,Polysiloxane,"Polysiloxane, followed by m/z 610"
conta_239,595.38166,pos,[AB8+Na]+,[C15H24O][C2H4O]n,Triton,101 Detergents
conta_240,597.90014,pos,[M7-6H+3Fe+O]+,C2H4O2,Acetic acid-Fe-O- complex,during ESI with metal tips and acetic acid
conta_241,599.43649,pos,[A10B+H]+,[C3H6O]nH2O,PPG,"Polypropylene glycol, ubiquitous polyether"
conta_242,601.42861,pos,[AB8+Na]+,[C15H30O][C2H4O]n,"Triton, reduced",101R Detergents
conta_243,603.41028,pos,[AB9+H]+,[C14H22O][C2H4O]n,Triton,"X-100, X-114, X-405, or X-45 Detergents"
conta_244,606.09149,pos,[M3+K]+,C10H7NO3,4-HCCA,"matrix cluster, trimer, potassiated"
conta_245,610.18416,pos,[M+NH4]+,[C2H6SiO]8,Polysiloxane,Polysiloxane (see m/z 593)
conta_246,613.34058,pos,[A13B+Na]+,[C2H4O]nH2O,PEG,"Polyethylene glycol, ubiquitous polyether"
conta_247,615.40375,pos,[M+H]+,C32H58N2O7S,CHAPS,3-[(3-Cholamidopropyl)dimethylammonio]-1-propanesulfonate
conta_248,617.42593,pos,[AB9+H]+,[C15H24O][C2H4O]n,Triton,101 Detergents
conta_249,621.41844,pos,[A10B+Na]+,[C3H6O]nH2O,PPG,"Polypropylene glycol, ubiquitous polyether"
conta_250,621.97291,pos,[M6-6H+3Fe+O]+,C3H6O2,Propionic acid Fe-O complex,during ESI with metal tips and acetic acid
conta_251,625.39222,pos,[AB9+Na]+,[C14H22O][C2H4O]n,Triton,"X-100, X-114, X-405, or X-45 Detergents"
conta_252,629.31452,pos,[A13B+K]+,[C2H4O]nH2O,PEG,"Polyethylene glycol, ubiquitous polyether"
conta_253,631.43917,pos,[AB9+Na]+,[C14H28O][C2H4O]n,"Triton, reduced","X-100R, X-114R, X-405R, or X-45R Detergents"
conta_254,633.32023,pos,[M+H]+,QTIASN,Peptide,Bovine trypsin
conta_255,635.38485,pos,[A14B+H]+,[C2H4O]nH2O,PEG,"Polyethylene glycol, ubiquitous polyether"
conta_256,637.39237,pos,[A10B+K]+,[C3H6O]nH2O,PPG,"Polypropylene glycol, ubiquitous polyether"
conta_257,639.40787,pos,[AB9+Na]+,[C15H24O][C2H4O]n,Triton,101 Detergents
conta_258,645.45482,pos,[AB9+Na]+,[C15H30O][C2H4O]n,"Triton, reduced",101R Detergents
conta_259,646.35187,pos,[f+H]+,GLTAER (from YLDGLTAER),Peptide,"keratin (human), ion source fragment"
conta_260,647.43649,pos,[AB10+H]+,[C14H22O][C2H4O]n,Triton,"X-100, X-114, X-405, or X-45 Detergents"
conta_261,651.1451,pos,[M+H-CH4]+,[C2H6SiO]9,Polysiloxane,"Polysiloxane, (neutral methane loss from m/z 667)"
conta_262,657.3668,pos,[A14B+Na]+,[C2H4O]nH2O,PEG,"Polyethylene glycol, ubiquitous polyether"
conta_263,657.47836,pos,[A11B+H]+,[C3H6O]nH2O,PPG,"Polypropylene glycol, ubiquitous polyether"
conta_264,659.3835,pos,[M+H]+,SGIQVR,Peptide,Bovine trypsin
conta_265,661.45214,pos,[AB10+H]+,[C15H24O][C2H4O]n,Triton,101 Detergents
conta_266,667.1764,pos,[M+H]+,[C2H6SiO]9,Polysiloxane,"Polysiloxane, followed by m/z 684"
conta_267,669.41844,pos,[AB10+Na]+,[C14H22O][C2H4O]n,Triton,"X-100, X-114, X-405, or X-45 Detergents"
conta_268,672.4039,pos,[M+H]+,TVSLPR,Peptide,porcine trypsin
conta_269,672.4039,pos,[M+H]+,TVSLPR,Peptide,porcine trypsin
conta_270,673.34073,pos,[A14B+K]+,[C2H4O]nH2O,PEG,"Polyethylene glycol, ubiquitous polyether"
conta_271,675.46539,pos,[AB10+Na]+,[C14H28O][C2H4O]n,"Triton, reduced","X-100R, X-114R, X-405R, or X-45R Detergents"
conta_272,679.41107,pos,[A15B+H]+,[C2H4O]nH2O,PEG,"Polyethylene glycol, ubiquitous polyether"
conta_273,679.4603,pos,[A11B+Na]+,[C3H6O]nH2O,PPG,"Polypropylene glycol, ubiquitous polyether"
conta_274,679.51166,pos,[M+H]+,C36H66N6O6,nylon ,"Cyclic oligomer of polyamide 66, (adipic acid/hexylmethylene diamine condensation) "
conta_275,683.43409,pos,[AB10+Na]+,[C15H24O][C2H4O]n,Triton,101 Detergents
conta_276,684.20295,pos,[M+NH4]+,[C2H6SiO]9,Polysiloxane,Polysiloxane (see m/z 667)
conta_277,689.48104,pos,[AB10+Na]+,[C15H30O][C2H4O]n,"Triton, reduced",101R Detergents
conta_278,691.46271,pos,[AB11+H]+,[C14H22O][C2H4O]n,Triton,"X-100, X-114, X-405, or X-45 Detergents"
conta_279,695.43424,pos,[A11B+K]+,[C3H6O]nH2O,PPG,"Polypropylene glycol, ubiquitous polyether"
conta_280,701.39301,pos,[A15B+Na]+,[C2H4O]nH2O,PEG,"Polyethylene glycol, ubiquitous polyether"
conta_281,704.3825,pos,[M+H]+,LDSELK,Peptide,keratin
conta_282,705.47836,pos,[AB11+H]+,[C15H24O][C2H4O]n,Triton,101 Detergents
conta_283,713.44465,pos,[AB11+Na]+,[C14H22O][C2H4O]n,Triton,"X-100, X-114, X-405, or X-45 Detergents"
conta_284,715.52022,pos,[A12B+H]+,[C3H6O]nH2O,PPG,"Polypropylene glycol, ubiquitous polyether"
conta_285,717.36695,pos,[A15B+K]+,[C2H4O]nH2O,PEG,"Polyethylene glycol, ubiquitous polyether"
conta_286,719.4916,pos,[AB11+Na]+,[C14H28O][C2H4O]n,"Triton, reduced","X-100R, X-114R, X-405R, or X-45R Detergents"
conta_287,723.43728,pos,[A16B+H]+,[C2H4O]nH2O,PEG,"Polyethylene glycol, ubiquitous polyether"
conta_288,725.1639,pos,[M+H-CH4]+,[C2H6SiO]10,Polysiloxane,"Polysiloxane, (neutral methane loss from m/z 741)"
conta_289,727.4603,pos,[AB11+Na]+,[C15H24O][C2H4O]n,Triton,101 Detergents
conta_290,732.46544,pos,[M+H]+,GLVLIAF,Peptide,bovine serum albumin (BSA)
conta_291,733.50725,pos,[AB11+Na]+,[C15H30O][C2H4O]n,"Triton, reduced",101R Detergents
conta_292,735.48892,pos,[AB12+H]+,[C14H22O][C2H4O]n,Triton,"X-100, X-114, X-405, or X-45 Detergents"
conta_293,737.50217,pos,[A12B+Na]+,[C3H6O]nH2O,PPG,"Polypropylene glycol, ubiquitous polyether"
conta_294,741.1952,pos,[M+H]+,[C2H6SiO]10,Polysiloxane,"Polysiloxane, followed by m/z 758"
conta_295,742.44979,pos,[M+H]+,GPFPILV,Peptide,bovine casein alpha-S1
conta_296,743.44101,pos,[M+H]+,ATVSLPR,Peptide,porcine trypsin
conta_297,745.41923,pos,[A16B+Na]+,[C2H4O]nH2O,PEG,"Polyethylene glycol, ubiquitous polyether"
conta_298,749.50457,pos,[AB12+H]+,[C15H24O][C2H4O]n,Triton,101 Detergents
conta_299,753.4761,pos,[A12B+K]+,[C3H6O]nH2O,PPG,"Polypropylene glycol, ubiquitous polyether"
conta_300,757.47087,pos,[AB12+Na]+,[C14H22O][C2H4O]n,Triton,"X-100, X-114, X-405, or X-45 Detergents"
conta_301,758.22175,pos,[M+NH4]+,[C2H6SiO]10,Polysiloxane,Polysiloxane (see m/z 741)
conta_302,758.41553,pos,[M+H]+,PATLNSR,Peptide,porcine trypsin
conta_303,761.39316,pos,[A16B+K]+,[C2H4O]nH2O,PEG,"Polyethylene glycol, ubiquitous polyether"
conta_304,763.51782,pos,[AB12+Na]+,[C14H28O][C2H4O]n,"Triton, reduced","X-100R, X-114R, X-405R, or X-45R Detergents"
conta_305,767.4635,pos,[A17B+H]+,[C2H4O]nH2O,PEG,"Polyethylene glycol, ubiquitous polyether"
conta_306,771.48652,pos,[AB12+Na]+,[C15H24O][C2H4O]n,Triton,101 Detergents
conta_307,773.56209,pos,[A13B+H]+,[C3H6O]nH2O,PPG,"Polypropylene glycol, ubiquitous polyether"
conta_308,777.53347,pos,[AB12+Na]+,[C15H30O][C2H4O]n,"Triton, reduced",101R Detergents
conta_309,779.51514,pos,[AB13+H]+,[C14H22O][C2H4O]n,Triton,"X-100, X-114, X-405, or X-45 Detergents"
conta_310,789.44544,pos,[A17B+Na]+,[C2H4O]nH2O,PEG,"Polyethylene glycol, ubiquitous polyether"
conta_311,793.53079,pos,[AB13+H]+,[C15H24O][C2H4O]n,Triton,101 Detergents
conta_312,795.54403,pos,[A13B+Na]+,[C3H6O]nH2O,PPG,"Polypropylene glycol, ubiquitous polyether"
conta_313,798.58785,pos,[M2+NH4]+,C24H38O4,Diisooctyl phthalate,"Diisooctyl phthalate, plasticiser"
conta_314,801.49708,pos,[AB13+Na]+,[C14H22O][C2H4O]n,Triton,"X-100, X-114, X-405, or X-45 Detergents"
conta_315,802.43051,pos,[M+H]+,LSSPATLN,Peptide,"porcine trypsin, truncated"
conta_316,803.54324,pos,[M2+Na]+,C24H38O4,Diisooctyl phthalate,"Diisooctyl phthalate, plasticiser"
conta_317,804.40978,pos,[M+H]+,SEIDNVK,Peptide,keratin (human)
conta_318,805.41626,pos,[M+H]+,SAASLNSR,Peptide,bovine trypsin
conta_319,805.41938,pos,[A17B+K]+,[C2H4O]nH2O,PEG,"Polyethylene glycol, ubiquitous polyether"
conta_320,807.39954,pos,[M+H]+,LAADDFR,Peptide,keratin (human)
conta_321,807.54403,pos,[AB13+Na]+,[C14H28O][C2H4O]n,"Triton, reduced","X-100R, X-114R, X-405R, or X-45R Detergents"
conta_322,809.44035,pos,[M+H]+,LASYLDK,Peptide,keratin
conta_323,809.48691,pos,[AB10+Na]+,[C18H34O6][C2H4O]n,Tween,Tween 20
conta_324,811.48971,pos,[A18B+H]+,[C2H4O]nH2O,PEG,"Polyethylene glycol, ubiquitous polyether"
conta_325,811.51797,pos,[A13B+K]+,[C3H6O]nH2O,PPG,"Polypropylene glycol, ubiquitous polyether"
conta_326,815.51273,pos,[AB13+Na]+,[C15H24O][C2H4O]n,Triton,101 Detergents
conta_327,819.51718,pos,[M2+K]+,C24H38O4,Diisooctyl phthalate,"Diisooctyl phthalate, plasticiser"
conta_328,821.55968,pos,[AB13+Na]+,[C15H30O][C2H4O]n,"Triton, reduced",101R Detergents
conta_329,823.54135,pos,[AB14+H]+,[C14H22O][C2H4O]n,Triton,"X-100, X-114, X-405, or X-45 Detergents"
conta_330,824.49887,pos,[M+H]+,PGVVSLPR,Peptide,trypsin-like artefact
conta_331,827.42978,pos,[M+H]+,FASFIDK,Peptide,keratin (human)
conta_332,827.46214,pos,[M+H]+,PEIQNVK,Peptide,keratin (human)
conta_333,831.60395,pos,[A14B+H]+,[C3H6O]nH2O,PPG,"Polypropylene glycol, ubiquitous polyether"
conta_334,832.4887,pos,[M+H]+,SISISVAR,Peptide,keratin (human)
conta_335,833.47166,pos,[A18B+Na]+,[C2H4O]nH2O,PEG,"Polyethylene glycol, ubiquitous polyether"
conta_336,837.557,pos,[AB14+H]+,[C15H24O][C2H4O]n,Triton,101 Detergents
conta_337,839.09742,pos,[M4-2H+K+2Na]+,C10H7NO3,4-HCCA,matrix cluster
conta_338,842.50943,pos,[M+H]+,VATVSLPR,Peptide,porcine trypsin
conta_339,845.10543,pos,[M4-3H+4Na]+,C10H7NO3,4-HCCA,matrix cluster
conta_340,845.5233,pos,[AB14+Na]+,[C14H22O][C2H4O]n,Triton,"X-100, X-114, X-405, or X-45 Detergents"
conta_341,848.49886,pos,[M+H]+,AFIDKVR,Peptide,keratin (human)
conta_342,849.44559,pos,[A18B+K]+,[C2H4O]nH2O,PEG,"Polyethylene glycol, ubiquitous polyether"
conta_343,851.57025,pos,[AB14+Na]+,[C14H28O][C2H4O]n,"Triton, reduced","X-100R, X-114R, X-405R, or X-45R Detergents"
conta_344,853.51313,pos,[AB11+Na]+,[C18H34O6][C2H4O]n,Tween,Tween 20
conta_345,853.5859,pos,[A14B+Na]+,[C3H6O]nH2O,PPG,"Polypropylene glycol, ubiquitous polyether"
conta_346,855.07136,pos,[M4-2H+Na+2K]+,C10H7NO3,4-HCCA,matrix cluster
conta_347,855.51593,pos,[A19B+H]+,[C2H4O]nH2O,PEG,"Polyethylene glycol, ubiquitous polyether"
conta_348,859.53895,pos,[AB14+Na]+,[C15H24O][C2H4O]n,Triton,101 Detergents
conta_349,861.07937,pos,[M4-3H+3Na+K]+,C10H7NO3,4-HCCA,matrix cluster
conta_350,863.47338,pos,[f+H]+,SFLINNR (from THNLEPYFESFINNLR),Peptide,"keratin (human), ion source fragment"
conta_351,865.4778,pos,[f+H]+,IEIATYR (from LALDIEIATYR),Peptide,"keratin (human), ion source fragment"
conta_352,865.54951,pos,[AB10+Na]+,[C22H42O6][C2H4O]n,Tween,Tween 40
conta_353,865.5859,pos,[AB14+Na]+,[C15H30O][C2H4O]n,"Triton, reduced",101R Detergents
conta_354,867.08737,pos,[M4-4H+5Na]+,C10H7NO3,4-HCCA,matrix cluster
conta_355,867.56757,pos,[AB15+H]+,[C14H22O][C2H4O]n,Triton,"X-100, X-114, X-405, or X-45 Detergents"
conta_356,869.55983,pos,[A14B+K]+,[C3H6O]nH2O,PPG,"Polypropylene glycol, ubiquitous polyether"
conta_357,870.54073,pos,[M+H]+,VATVSLPR  N-term. methylated ,Peptide,porcine trypsin - methylated
conta_358,871.0453,pos,[M4-2H+3K]+,C10H7NO3,4-HCCA,matrix cluster
conta_359,871.49959,pos,[M+H]+,QATVSLPR,Peptide,trypsin-like artefact
conta_360,874.49926,pos,[M+H]+,SLVNLGGSK,Peptide,keratin (human)
conta_361,877.49787,pos,[A19B+Na]+,[C2H4O]nH2O,PEG,"Polyethylene glycol, ubiquitous polyether"
conta_362,881.47271,pos,[M+H]+,SLYGLGGSK,Peptide,keratin (human)
conta_363,881.58322,pos,[AB15+H]+,[C15H24O][C2H4O]n,Triton,101 Detergents
conta_364,883.51485,pos,[M+H]+,RVYVHPI,Peptide,Angiotensin standards
conta_365,889.54951,pos,[AB15+Na]+,[C14H22O][C2H4O]n,Triton,"X-100, X-114, X-405, or X-45 Detergents"
conta_366,889.64582,pos,[A15B+H]+,[C3H6O]nH2O,PPG,"Polypropylene glycol, ubiquitous polyether"
conta_367,891.56516,pos,[AB10+Na]+,[C24H44O6][C2H4O]n,Tween,Tween 80
conta_368,893.47181,pos,[A19B+K]+,[C2H4O]nH2O,PEG,"Polyethylene glycol, ubiquitous polyether"
conta_369,893.58081,pos,[AB10+Na]+,[C24H46O6][C2H4O]n,Tween,Tween 60
conta_370,895.59646,pos,[AB15+Na]+,[C14H28O][C2H4O]n,"Triton, reduced","X-100R, X-114R, X-405R, or X-45R Detergents"
conta_371,897.53934,pos,[AB12+Na]+,[C18H34O6][C2H4O]n,Tween,Tween 20
conta_372,899.53089,pos,[M+H]+,VQTVSLPR,Peptide,trypsin-like artefact
conta_373,899.54214,pos,[A20B+H]+,[C2H4O]nH2O,PEG,"Polyethylene glycol, ubiquitous polyether"
conta_374,903.56516,pos,[AB15+Na]+,[C15H24O][C2H4O]n,Triton,101 Detergents
conta_375,905.67979,pos,[M+H]+,C48H88N8O8,nylon ,"Cyclic oligomer of polyamide 66, (adipic acid/hexylmethylene diamine condensation) "
conta_376,906.50434,pos,[M+H]+,NKPGVYTK,Peptide,bovine trypsin
conta_377,906.50434,pos,[M+H]+,NKPGVYTK,Peptide,porcine trypsin
conta_378,909.57573,pos,[AB11+Na]+,[C22H42O6][C2H4O]n,Tween,Tween 40
conta_379,909.61211,pos,[AB15+Na]+,[C15H30O][C2H4O]n,"Triton, reduced",101R Detergents
conta_380,911.59378,pos,[AB16+H]+,[C14H22O][C2H4O]n,Triton,"X-100, X-114, X-405, or X-45 Detergents"
conta_381,911.62776,pos,[A15B+Na]+,[C3H6O]nH2O,PPG,"Polypropylene glycol, ubiquitous polyether"
conta_382,917.4992,pos,[M+H]+,RVYVHPF,Peptide,Angiotensin standards (bovine)
conta_383,921.52409,pos,[A20B+Na]+,[C2H4O]nH2O,PEG,"Polyethylene glycol, ubiquitous polyether"
conta_384,925.60943,pos,[AB16+H]+,[C15H24O][C2H4O]n,Triton,101 Detergents
conta_385,927.6017,pos,[A15B+K]+,[C3H6O]nH2O,PPG,"Polypropylene glycol, ubiquitous polyether"
conta_386,931.51485,pos,[M+H]+,RVYIHPF,Peptide,Angiotensin standards (human)
conta_387,933.57573,pos,[AB16+Na]+,[C14H22O][C2H4O]n,Triton,"X-100, X-114, X-405, or X-45 Detergents"
conta_388,935.59138,pos,[AB11+Na]+,[C24H44O6][C2H4O]n,Tween,Tween 80
conta_389,937.49802,pos,[A20B+K]+,[C2H4O]nH2O,PEG,"Polyethylene glycol, ubiquitous polyether"
conta_390,937.60703,pos,[AB11+Na]+,[C24H46O6][C2H4O]n,Tween,Tween 60
conta_391,939.62268,pos,[AB16+Na]+,[C14H28O][C2H4O]n,"Triton, reduced","X-100R, X-114R, X-405R, or X-45R Detergents"
conta_392,941.56556,pos,[AB13+Na]+,[C18H34O6][C2H4O]n,Tween,Tween 20
conta_393,947.59138,pos,[AB16+Na]+,[C15H24O][C2H4O]n,Triton,101 Detergents
conta_394,947.68768,pos,[A16B+H]+,[C3H6O]nH2O,PPG,"Polypropylene glycol, ubiquitous polyether"
conta_395,950.47305,pos,[M+H]+,YVNWIQQ,Peptide,"trypsin-like artefact, truncated"
conta_396,953.60194,pos,[AB12+Na]+,[C22H42O6][C2H4O]n,Tween,Tween 40
conta_397,953.63833,pos,[AB16+Na]+,[C15H30O][C2H4O]n,"Triton, reduced",101R Detergents
conta_398,955.62,pos,[AB17+H]+,[C14H22O][C2H4O]n,Triton,"X-100, X-114, X-405, or X-45 Detergents"
conta_399,969.63565,pos,[AB17+H]+,[C15H24O][C2H4O]n,Triton,101 Detergents
conta_400,969.66963,pos,[A16B+Na]+,[C3H6O]nH2O,PPG,"Polypropylene glycol, ubiquitous polyether"
conta_401,973.53129,pos,[M+H]+,IEISELNR,Peptide,keratin (human)
conta_402,977.60194,pos,[AB17+Na]+,[C14H22O][C2H4O]n,Triton,"X-100, X-114, X-405, or X-45 Detergents"
conta_403,979.50949,pos,[M+H]+,GTSYPDVLK,Peptide,bovine trypsin
conta_404,979.61759,pos,[AB12+Na]+,[C24H44O6][C2H4O]n,Tween,Tween 80
conta_405,981.63324,pos,[AB12+Na]+,[C24H46O6][C2H4O]n,Tween,Tween 60
conta_406,983.64889,pos,[AB17+Na]+,[C14H28O][C2H4O]n,"Triton, reduced","X-100R, X-114R, X-405R, or X-45R Detergents"
conta_407,985.59177,pos,[AB14+Na]+,[C18H34O6][C2H4O]n,Tween,Tween 20
conta_408,985.64356,pos,[A16B+K]+,[C3H6O]nH2O,PPG,"Polypropylene glycol, ubiquitous polyether"
conta_409,991.61759,pos,[AB17+Na]+,[C15H24O][C2H4O]n,Triton,101 Detergents
conta_410,994.15551,pos,[M5-H2O-2H+3Na]+,C10H7NO3,4-HCCA,matrix cluster
conta_411,995.51966,pos,[M+H]+,IKEWYEK,Peptide,keratin
conta_412,997.62816,pos,[AB13+Na]+,[C22H42O6][C2H4O]n,Tween,Tween 40
conta_413,997.66454,pos,[AB17+Na]+,[C15H30O][C2H4O]n,"Triton, reduced",101R Detergents
conta_414,999.64621,pos,[AB18+H]+,[C14H22O][C2H4O]n,Triton,"X-100, X-114, X-405, or X-45 Detergents"
conta_415,1000.56734,pos,[M+H]+,LQAEIEGLK,Peptide,keratin
conta_416,1002.58299,pos,[M+H]+,"LVVSTQTALA, C-terminus",Peptide,bovine serum albumin (BSA)
conta_417,1003.55309,pos,[M+H]+,SEITELRR,Peptide,keratin
conta_418,1005.72955,pos,[A17B+H]+,[C3H6O]nH2O,PPG,"Polypropylene glycol, ubiquitous polyether"
conta_419,1013.66186,pos,[AB18+H]+,[C15H24O][C2H4O]n,Triton,101 Detergents
conta_420,1020.50302,pos,[M+H]+,APILSDSSCK,Peptide,bovine trypsin
conta_421,1020.53604,pos,[M+H]+,SIPYQVSLN,Peptide,"trypsin-like artefact, truncated"
conta_422,1021.62816,pos,[AB18+Na]+,[C14H22O][C2H4O]n,Triton,"X-100, X-114, X-405, or X-45 Detergents"
conta_423,1023.47417,pos,[M+H]+,SSYPGQITGN,Peptide,"trypsin-like artefact, truncated"
conta_424,1023.51055,pos,[M+H]+,NEQFISASK,Peptide,bovine trypsin
conta_425,1023.64381,pos,[AB13+Na]+,[C24H44O6][C2H4O]n,Tween,Tween 80
conta_426,1025.65946,pos,[AB13+Na]+,[C24H46O6][C2H4O]n,Tween,Tween 60
conta_427,1027.67511,pos,[AB18+Na]+,[C14H28O][C2H4O]n,"Triton, reduced","X-100R, X-114R, X-405R, or X-45R Detergents"
conta_428,1027.71149,pos,[A17B+Na]+,[C3H6O]nH2O,PPG,"Polypropylene glycol, ubiquitous polyether"
conta_429,1029.61799,pos,[AB15+Na]+,[C18H34O6][C2H4O]n,Tween,Tween 20
conta_430,1031.5983,pos,[M+H]+,VLDELTLTK,Peptide,keratin (human)
conta_431,1033.51603,pos,[M+H]+,TLLEGEESR,Peptide,keratin (human)
conta_432,1035.64381,pos,[AB18+Na]+,[C15H24O][C2H4O]n,Triton,101 Detergents
conta_433,1036.08277,pos,[M5-2H2O-4H+4Na+K]+,C10H7NO3,4-HCCA,matrix cluster
conta_434,1036.53229,pos,[M+H]+,IRDWYQR,Peptide,keratin
conta_435,1037.5262,pos,[M+H]+,YLDGLTAER,Peptide,keratin (human)
conta_436,1041.65437,pos,[AB14+Na]+,[C22H42O6][C2H4O]n,Tween,Tween 40
conta_437,1041.69076,pos,[AB18+Na]+,[C15H30O][C2H4O]n,"Triton, reduced",101R Detergents
conta_438,1043.67243,pos,[AB19+H]+,[C14H22O][C2H4O]n,Triton,"X-100, X-114, X-405, or X-45 Detergents"
conta_439,1043.68543,pos,[A17B+K]+,[C3H6O]nH2O,PPG,"Polypropylene glycol, ubiquitous polyether"
conta_440,1044.11395,pos,[M5-2H+Na+2K]+,C10H7NO3,4-HCCA,matrix cluster
conta_441,1045.56365,pos,[M+H]+,LSSPATLNSR,Peptide,porcine trypsin
conta_442,1046.59528,pos,[M+H]+,LKSAASLNSR,Peptide,bovine trypsin
conta_443,1054.09334,pos,[M5-H2O-4H+4Na+K]+,C10H7NO3,4-HCCA,matrix cluster
conta_444,1057.68808,pos,[AB19+H]+,[C15H24O][C2H4O]n,Triton,101 Detergents
conta_445,1060.08789,pos,[M5-2H+3K]+,C10H7NO3,4-HCCA,"matrix cluster, pentamer, triply potassiated"
conta_446,1060.56331,pos,[M+H]+,TLLDIDNTR,Peptide,keratin (human)
conta_447,1063.77141,pos,[A18B+H]+,[C3H6O]nH2O,PPG,"Polypropylene glycol, ubiquitous polyether"
conta_448,1064.57349,pos,[M+H]+,DIIRAVGAYS,Peptide,lysyl endopeptidase (Lys-C)
conta_449,1064.60987,pos,[M+H]+,LASYLDKVR,Peptide,keratin (human)
conta_450,1065.49934,pos,[M+H]+,STMQELNSR,Peptide,keratin
conta_451,1065.65437,pos,[AB19+Na]+,[C14H22O][C2H4O]n,Triton,"X-100, X-114, X-405, or X-45 Detergents"
conta_452,1066.0959,pos,[M5-3H+2K+2Na]+,C10H7NO3,4-HCCA,"matrix cluster, pentamer, potassiated, sodiated"
conta_453,1066.60439,pos,[M+H]+,FAAFIDKVR,Peptide,keratin (human)
conta_454,1067.67002,pos,[AB14+Na]+,[C24H44O6][C2H4O]n,Tween,Tween 80
conta_455,1069.68567,pos,[AB14+Na]+,[C24H46O6][C2H4O]n,Tween,Tween 60
conta_456,1071.60445,pos,[M+H]+,LAGLEEALQK,Peptide,keratin (human)
conta_457,1071.70132,pos,[AB19+Na]+,[C14H28O][C2H4O]n,"Triton, reduced","X-100R, X-114R, X-405R, or X-45R Detergents"
conta_458,1073.6442,pos,[AB16+Na]+,[C18H34O6][C2H4O]n,Tween,Tween 20
conta_459,1079.67002,pos,[AB19+Na]+,[C15H24O][C2H4O]n,Triton,101 Detergents
conta_460,1080.53201,pos,[f+H]+,GNEQFISASK (from LGEDNINVVEGNEQFISASK),Peptide,"bovine trypsin, in source fragment"
conta_461,1082.59931,pos,[M+H]+,FASFIDKVR,Peptide,keratin (human)
conta_462,1085.68059,pos,[AB15+Na]+,[C22H42O6][C2H4O]n,Tween,Tween 40
conta_463,1085.71697,pos,[AB19+Na]+,[C15H30O][C2H4O]n,"Triton, reduced",101R Detergents
conta_464,1085.75336,pos,[A18B+Na]+,[C3H6O]nH2O,PPG,"Polypropylene glycol, ubiquitous polyether"
conta_465,1087.69864,pos,[AB20+H]+,[C14H22O][C2H4O]n,Triton,"X-100, X-114, X-405, or X-45 Detergents"
conta_466,1090.53097,pos,[M+H]+,VTMQNLNDR,Peptide,keratin (human)
conta_467,1091.548,pos,[M+H]+,GNEQFINAAK,Peptide,porcine trypsin
conta_468,1101.71429,pos,[AB20+H]+,[C15H24O][C2H4O]n,Triton,101 Detergents
conta_469,1101.72729,pos,[A18B+K]+,[C3H6O]nH2O,PPG,"Polypropylene glycol, ubiquitous polyether"
conta_470,1109.48982,pos,[M+H]+,DAEAWFNEK,Peptide,keratin (human)
conta_471,1109.68059,pos,[AB20+Na]+,[C14H22O][C2H4O]n,Triton,"X-100, X-114, X-405, or X-45 Detergents"
conta_472,1111.56048,pos,[M+H]+,VCNYVSWIK,Peptide,bovine trypsin
conta_473,1111.69624,pos,[AB15+Na]+,[C24H44O6][C2H4O]n,Tween,Tween 80
conta_474,1113.71189,pos,[AB15+Na]+,[C24H46O6][C2H4O]n,Tween,Tween 60
conta_475,1115.72754,pos,[AB20+Na]+,[C14H28O][C2H4O]n,"Triton, reduced","X-100R, X-114R, X-405R, or X-45R Detergents"
conta_476,1117.67042,pos,[AB17+Na]+,[C18H34O6][C2H4O]n,Tween,Tween 20
conta_477,1118.5086,pos,[M+H]+,HGNSHQGEPR,Peptide,keratin (human)
conta_478,1121.58372,pos,[M+H]+,QEYEQLIAK,Peptide,keratin (human)
conta_479,1121.81328,pos,[A19B+H]+,[C3H6O]nH2O,PPG,"Polypropylene glycol, ubiquitous polyether"
conta_480,1123.69624,pos,[AB20+Na]+,[C15H24O][C2H4O]n,Triton,101 Detergents
conta_481,1126.56399,pos,[M+H]+,IITHPNFNGN,Peptide,"porcine trypsin, methylated, truncated"
conta_482,1129.62117,pos,[M+H]+,LSELEAALQR,Peptide,Keratin
conta_483,1129.7068,pos,[AB16+Na]+,[C22H42O6][C2H4O]n,Tween,Tween 40
conta_484,1129.74319,pos,[AB20+Na]+,[C15H30O][C2H4O]n,"Triton, reduced",101R Detergents
conta_485,1141.51941,pos,[M+H]+,DYQELMNTK,Peptide,Keratin
conta_486,1143.55031,pos,[M+H]+,VCNYVSWIK (W - oxid.),Peptide,bovine trypsin
conta_487,1143.79522,pos,[A19B+Na]+,[C3H6O]nH2O,PPG,"Polypropylene glycol, ubiquitous polyether"
conta_488,1153.57354,pos,[M+H]+,SSGTSYPDVLK,Peptide,bovine trypsin
conta_489,1155.72245,pos,[AB16+Na]+,[C24H44O6][C2H4O]n,Tween,Tween 80
conta_490,1157.59093,pos,[M+H]+,QGVDADINGLR,Peptide,keratin (human)
conta_491,1157.7381,pos,[AB16+Na]+,[C24H46O6][C2H4O]n,Tween,Tween 60
conta_492,1159.76916,pos,[A19B+K]+,[C3H6O]nH2O,PPG,"Polypropylene glycol, ubiquitous polyether"
conta_493,1161.69663,pos,[AB18+Na]+,[C18H34O6][C2H4O]n,Tween,Tween 20
conta_494,1165.58478,pos,[M+H]+,LENEIQTYR,Peptide,keratin (human)
conta_495,1168.58194,pos,[M+H]+,VCcamNYVSWIK,Peptide,bovine trypsin
conta_496,1173.73302,pos,[AB17+Na]+,[C22H42O6][C2H4O]n,Tween,Tween 40
conta_497,1175.52238,pos,[M+H]+,MFCAGYLEGGK,Peptide,bovine trypsin
conta_498,1175.63404,pos,[M+H]+,TLDNDIMLIK,Peptide,porcine trypsin
conta_499,1179.60043,pos,[M+H]+,YEELQITAGR,Peptide,keratin (human)
conta_500,1179.85514,pos,[A20B+H]+,[C3H6O]nH2O,PPG,"Polypropylene glycol, ubiquitous polyether"
conta_501,1183.61574,pos,[M+H]+,NVEIDPEIQK,Peptide,keratin (human)
conta_502,1190.60855,pos,[M+H]+,QVLDNLTMEK,Peptide,kereatin
conta_503,1191.5173,pos,[M+H]+,MoxFCAGYLEGGK,Peptide,bovine trypsin
conta_504,1191.62896,pos,[M+H]+,TLDNDIMoxLIK,Peptide,porcine trypsin
conta_505,1193.61608,pos,[M+H]+,YEELQVTVGR,Peptide,keratin (human)
conta_506,1199.74867,pos,[AB17+Na]+,[C24H44O6][C2H4O]n,Tween,Tween 80
conta_507,1200.57177,pos,[M+H]+,VCcamNYVSWIK (W - oxid.),Peptide,bovine trypsin
conta_508,1201.76432,pos,[AB17+Na]+,[C24H46O6][C2H4O]n,Tween,Tween 60
conta_509,1201.83709,pos,[A20B+Na]+,[C3H6O]nH2O,PPG,"Polypropylene glycol, ubiquitous polyether"
conta_510,1203.64019,pos,[M+H]+,TLDNDIMLIR,Peptide,trypsin-like artefact
conta_511,1205.72285,pos,[AB19+Na]+,[C18H34O6][C2H4O]n,Tween,Tween 20
conta_512,1208.61574,pos,[M+H]+,TAAENDFVTLK,Peptide,keratin (human)
conta_513,1210.59501,pos,[M+H]+,SSGGTSYPDVLK,Peptide,keratin (human)
conta_514,1210.59501,pos,[M+H]+,SSGGTSYPDVLK,Peptide,bovine trypsin
conta_515,1217.75923,pos,[AB18+Na]+,[C22H42O6][C2H4O]n,Tween,Tween 40
conta_516,1217.81102,pos,[A20B+K]+,[C3H6O]nH2O,PPG,"Polypropylene glycol, ubiquitous polyether"
conta_517,1219.6351,pos,[M+H]+,TLDNDIMoxLIR,Peptide,trypsin-like artefact
conta_518,1220.59059,pos,[M+H]+,EGNEQFINAAK,Peptide,porcine trypsin
conta_519,1225.12537,pos,[M6-2H2O-4H+4Na+K]+,C10H7NO3,4-HCCA,"matrix cluster, hexamer, potassiated, sodiated"
conta_520,1229.80022,pos,[M2+H]+,C32H58N2O7S,CHAPS,3-[(3-Cholamidopropyl)dimethylammonio]-1-propanesulfonate
conta_521,1232.54385,pos,[M+H]+,MFCcamAGYLEGGK,Peptide,bovine trypsin
conta_522,1232.5978,pos,[M+H]+,SGGGGGGGLGSGGSIR,Peptide,keratin (human)
conta_523,1235.52873,pos,[M+H]+,FSSSSGYGGGSSR,Peptide,keratin (human)
conta_524,1243.77488,pos,[AB18+Na]+,[C24H44O6][C2H4O]n,Tween,Tween 80
conta_525,1245.79053,pos,[AB18+Na]+,[C24H46O6][C2H4O]n,Tween,Tween 60
conta_526,1248.53876,pos,[M+H]+,MoxFCcamAGYLEGGK,Peptide,bovine trypsin
conta_527,1249.74906,pos,[AB20+Na]+,[C18H34O6][C2H4O]n,Tween,Tween 20
conta_528,1251.70959,pos,[M+H]+,YIPIQYVLSR,Peptide,bovine casein alpha-S1
conta_529,1254.6073,pos,[M+H]+,GFSSGSAVVSGGSR,Peptide,keratin (human)
conta_530,1261.78545,pos,[AB19+Na]+,[C22H42O6][C2H4O]n,Tween,Tween 40
conta_531,1262.59714,pos,[M+H]+,SLLEGEGSSGGGGR,Peptide,keratin
conta_532,1262.75793,pos,[M+H]+,LLHGVATVSLPR,Peptide,trypsin-like artefact
conta_533,1265.63721,pos,[M+H]+,TNAENEFVTIK,Peptide,keratin (human)
conta_534,1267.7045,pos,[M+H]+,YLGYLEQLLR,Peptide,bovine casein alpha-S1
conta_535,1277.63319,pos,[M+H]+,SDQSRLDSELK,Peptide,keratin (human)
conta_536,1277.70998,pos,[M+H]+,LALDIEIATYR,Peptide,keratin (human)
conta_537,1278.58553,pos,[M+H]+,GSCcamGIGGGIGGGSSR,Peptide,keratin
conta_538,1278.64369,pos,[M+H]+,YEQLAEQNRK,Peptide,keratin (human)
conta_539,1282.66912,pos,[M+H]+,DRVYVHPFHL,Peptide,Angiotensin standards (bovine)
conta_540,1287.8011,pos,[AB19+Na]+,[C24H44O6][C2H4O]n,Tween,Tween 80
conta_541,1289.81675,pos,[AB19+Na]+,[C24H46O6][C2H4O]n,Tween,Tween 60
conta_542,1293.77528,pos,[AB21+Na]+,[C18H34O6][C2H4O]n,Tween,Tween 20
conta_543,1296.68477,pos,[M+H]+,DRVYIHPFHL,Peptide,Angiotensin standards (human)
conta_544,1301.65834,pos,[M+H]+,ALEEANADLEVK,Peptide,keratin
conta_545,1302.70121,pos,[M+H]+,NSKIEISELNR,Peptide,keratin (human)
conta_546,1302.71512,pos,[M+H]+,SLDLDSIIAEVK,Peptide,keratin (human)
conta_547,1305.71613,pos,[M+H]+,HLVDEPQNLIK,Peptide,bovine serum albumin (BSA)
conta_548,1305.81166,pos,[AB20+Na]+,[C22H42O6][C2H4O]n,Tween,Tween 40
conta_549,1307.67764,pos,[M+H]+,IKFEMEQNLR ,Peptide,keratin (human)
conta_550,1308.64302,pos,[M+H]+,VEGNEQFISASK,Peptide,bovine trypsin
conta_551,1308.65426,pos,[M+H]+,NKYEDEINKR,Peptide,keratin (human)
conta_552,1315.68523,pos,[M+H]+,DQIVDLTVGNNK,Peptide,keratin
conta_553,1316.72425,pos,[M+H]+,TLDNDIMLIRL,Peptide,trypsin-like artefact
conta_554,1320.58283,pos,[M+H]+,HGGGGGGFGGGGFGSR,Peptide,keratin (human)
conta_555,1323.67255,pos,[M+H]+,IKFEMoxEQNLR ,Peptide,keratin (human)
conta_556,1329.63933,pos,[M+H]+,NVQDAIADAEQR,Peptide,keratin (human)
conta_557,1331.82731,pos,[AB20+Na]+,[C24H44O6][C2H4O]n,Tween,Tween 80
conta_558,1332.71917,pos,[M+H]+,TLDNDIMoxLIRL,Peptide,trypsin-like artefact
conta_559,1333.84296,pos,[AB20+Na]+,[C24H46O6][C2H4O]n,Tween,Tween 60
conta_560,1336.71071,pos,[M+H]+,TAAENDFVTLKK,Peptide,keratin (human)
conta_561,1337.80149,pos,[AB22+Na]+,[C18H34O6][C2H4O]n,Tween,Tween 20
conta_562,1340.66924,pos,[M+H]+,SKAEAESLYQSK,Peptide,keratin
conta_563,1344.67539,pos,[M+H]+,ASLEAAIADAEQR,Peptide,keratin
conta_564,1349.83788,pos,[AB21+Na]+,[C22H42O6][C2H4O]n,Tween,Tween 40
conta_565,1350.68729,pos,[M+H]+,IGLGGRGGSGGSYGR,Peptide,keratin
conta_566,1357.69579,pos,[M+H]+,LNDLEDALQQAK,Peptide,keratin (human)
conta_567,1357.71825,pos,[M+H]+,QSVEADINGLRR,Peptide,keratin (human)
conta_568,1365.63933,pos,[M+H]+,SQYEQLAEQNR,Peptide,keratin (human)
conta_569,1366.69612,pos,[M+H]+,RISNSTSPTSFVA,Peptide,lysyl endopeptidase (Lys-C)
conta_570,1367.67024,pos,[M+H]+,VFTSWTGGGAAASR,Peptide,lysyl endopeptidase (Lys-C)
conta_571,1371.71144,pos,[M+H]+,LNDLEEALQQAK,Peptide,keratin (human)
conta_572,1374.69334,pos,[M+H]+,DLNMDNIVAEIK,Peptide,keratin (human)
conta_573,1375.85353,pos,[AB21+Na]+,[C24H44O6][C2H4O]n,Tween,Tween 80
conta_574,1377.86918,pos,[AB21+Na]+,[C24H46O6][C2H4O]n,Tween,Tween 60
conta_575,1381.64817,pos,[M+H]+,ALEESNYELEGK,Peptide,keratin (human)
conta_576,1381.82771,pos,[AB23+Na]+,[C18H34O6][C2H4O]n,Tween,Tween 20
conta_577,1383.69031,pos,[M+H]+,SLNNQFASFIDK,Peptide,keratin (human)
conta_578,1384.72999,pos,[M+H]+,FFVAPFPEVFGK,Peptide,bovine casein alpha-S1
conta_579,1390.68087,pos,[M+H]+,QSLEASLAETEGR,Peptide,keratin
conta_580,1393.73217,pos,[M+H]+,TNAENEFVTIKK,Peptide,keratin (human)
conta_581,1393.86409,pos,[AB22+Na]+,[C22H42O6][C2H4O]n,Tween,Tween 40
conta_582,1399.69262,pos,[M+H]+,TVMENFVAFVDK,Peptide,bovine serum albumin (BSA)
conta_583,1399.70048,pos,[f+H]+,PYFESFINNLR (from THNLEPYFESFINNLR),Peptide,"keratin (human), ion-source fragment"
conta_584,1418.72742,pos,[M+H]+,VDALNDEINFLR,Peptide,keratin
conta_585,1419.74783,pos,[M+H]+,LEGLTDEINFLR,Peptide,keratin
conta_586,1419.79544,pos,[M+H]+,LGLDIEIATYRR,Peptide,keratin (human)
conta_587,1419.87974,pos,[AB22+Na]+,[C24H44O6][C2H4O]n,Tween,Tween 80
conta_588,1421.89539,pos,[AB22+Na]+,[C24H46O6][C2H4O]n,Tween,Tween 60
conta_589,1424.76448,pos,[M+H]+,AAKIITHPNFNGN,Peptide,"porcine trypsin, methylated"
conta_590,1425.85392,pos,[AB24+Na]+,[C18H34O6][C2H4O]n,Tween,Tween 20
conta_591,1433.72056,pos,[M+H]+,LQGIVSWGSGCAQK,Peptide,bovine trypsin
conta_592,1434.76996,pos,[M+H]+,IRLENEIQTYR,Peptide,keratin (human)
conta_593,1437.89031,pos,[AB23+Na]+,[C22H42O6][C2H4O]n,Tween,Tween 40
conta_594,1438.74374,pos,[M+H]+,NNQFASFIDKVR,Peptide,keratin (human)
conta_595,1439.81176,pos,[M+H]+,RHPEYAVSVLLR,Peptide,bovine serum albumin (BSA)
conta_596,1442.80019,pos,[M+H]+,LPDIFEAQIAGLR,Peptide,keratin
conta_597,1443.64204,pos,[M+H]+,YICcamDNQDTISSK,Peptide,bovine serum albumin (BSA)
conta_598,1447.7751,pos,[M+H]+,AIGGGLSSVGGGSSTIK,Peptide,keratin (human)
conta_599,1449.71548,pos,[M+H]+,LQGIVSWGSGCAQK (W - oxid. I),Peptide,bovine trypsin
conta_600,1453.83731,pos,[M+H]+,EVTINQSLLAPLR,Peptide,keratin
conta_601,1463.90596,pos,[AB23+Na]+,[C24H44O6][C2H4O]n,Tween,Tween 80
conta_602,1465.71039,pos,[M+H]+,LQGIVSWGSGCAQK (W - oxid. II),Peptide,bovine trypsin
conta_603,1465.92161,pos,[AB23+Na]+,[C24H46O6][C2H4O]n,Tween,Tween 60
conta_604,1469.88014,pos,[AB25+Na]+,[C18H34O6][C2H4O]n,Tween,Tween 20
conta_605,1475.74888,pos,[M+H]+,WELLQQVDTSTR,Peptide,keratin (human)
conta_606,1475.78527,pos,[M+H]+,FLEQQNQVLQTK,Peptide,keratin (human)
conta_607,1476.80567,pos,[M+H]+,FLEQQNKVLETK,Peptide,keratin
conta_608,1479.79544,pos,[M+H]+,LGEYGFQNALIVR,Peptide,bovine serum albumin (BSA)
conta_609,1481.91652,pos,[AB24+Na]+,[C22H42O6][C2H4O]n,Tween,Tween 40
conta_610,1490.74203,pos,[M+H]+,LQGIVSWGSGCcamAQK,Peptide,bovine trypsin
conta_611,1491.7438,pos,[M+H]+,WELLQQVDTSTR (W - oxid. I),Peptide,keratin (human)
conta_612,1491.75185,pos,[M+H]+,FYAPELLYYANK,Peptide,bovine serum albumin (BSA)
conta_613,1493.59953,pos,[M+H]+,DSCQGDSGGPVVCSGK ox. S-S bond,Peptide,porcine trypsin
conta_614,1493.7343,pos,[M+H]+,SQYEQLAEQNRK,Peptide,keratin (human)
conta_615,1495.61518,pos,[M+H]+,DSCQGDSGGPVVCSGK,Peptide,bovine trypsin
conta_616,1507.73872,pos,[M+H]+,WELLQQVDTSTR (W - oxid. II),Peptide,keratin (human)
conta_617,1507.93217,pos,[AB24+Na]+,[C24H44O6][C2H4O]n,Tween,Tween 80
conta_618,1509.94782,pos,[AB24+Na]+,[C24H46O6][C2H4O]n,Tween,Tween 60
conta_619,1513.90635,pos,[AB26+Na]+,[C18H34O6][C2H4O]n,Tween,Tween 20
conta_620,1521.75436,pos,[M+H]+,NVVEGNEQFISASK,Peptide,bovine trypsin
conta_621,1522.73186,pos,[M+H]+,LQGIVSWoxGSGCcamAQK,Peptide,bovine trypsin
conta_622,1525.94274,pos,[AB25+Na]+,[C22H42O6][C2H4O]n,Tween,Tween 40
conta_623,1549.6772,pos,[M+H]+,SGGGGGGGGCcamGGGGGVSSLR,Peptide,keratin
conta_624,1551.95839,pos,[AB25+Na]+,[C24H44O6][C2H4O]n,Tween,Tween 80
conta_625,1553.97404,pos,[AB25+Na]+,[C24H46O6][C2H4O]n,Tween,Tween 60
conta_626,1557.93257,pos,[AB27+Na]+,[C18H34O6][C2H4O]n,Tween,Tween 20
conta_627,1566.73944,pos,[M+H]+,LGEHNIDVLEGNEQ,Peptide,"porcine trypsin, truncated"
conta_628,1567.74274,pos,[M+H]+,DAFLGSFLYEYSR,Peptide,bovine serum albumin (BSA)
conta_629,1569.96895,pos,[AB26+Na]+,[C22H42O6][C2H4O]n,Tween,Tween 40
conta_630,1585.7584,pos,[M+H]+,VQALEEANNDLENK,Peptide,keratin (human)
conta_631,1595.9846,pos,[AB26+Na]+,[C24H44O6][C2H4O]n,Tween,Tween 80
conta_632,1598.00025,pos,[AB26+Na]+,[C24H46O6][C2H4O]n,Tween,Tween 60
conta_633,1599.83368,pos,[M+H]+,NKLNDLEDALQQAK,Peptide,keratin
conta_634,1601.95878,pos,[AB28+Na]+,[C18H34O6][C2H4O]n,Tween,Tween 20
conta_635,1613.99517,pos,[AB27+Na]+,[C22H42O6][C2H4O]n,Tween,Tween 40
conta_636,1623.88532,pos,[M+H]+,EQFINAAKIITHPN,Peptide,"porcine trypsin, methylated"
conta_637,1638.76566,pos,[M+H]+,SLNNQFASFIDKVR,Peptide,keratin (human)
conta_638,1640.01082,pos,[AB27+Na]+,[C24H44O6][C2H4O]n,Tween,Tween 80
conta_639,1639.93775,pos,[M+H]+,KVPQVSTPTLVEVSR,Peptide,bovine serum albumin (BSA)
conta_640,1642.02647,pos,[AB27+Na]+,[C24H46O6][C2H4O]n,Tween,Tween 60
conta_641,1645.985,pos,[AB29+Na]+,[C18H34O6][C2H4O]n,Tween,Tween 20
conta_642,1657.79287,pos,[M+H]+,SGGGFSSGSAGIINYQR,Peptide,keratin (human)
conta_643,1658.02138,pos,[AB28+Na]+,[C22H42O6][C2H4O]n,Tween,Tween 40
conta_644,1665.90443,pos,[M+H]+,TKPSQARGFHPRAGR,Peptide,keratin (human)
conta_645,1676.77623,pos,[M+H]+,LGEDNINVVEGNEQF,Peptide,bovine trypsin
conta_646,1684.03703,pos,[AB28+Na]+,[C24H44O6][C2H4O]n,Tween,Tween 80
conta_647,1686.05268,pos,[AB28+Na]+,[C24H46O6][C2H4O]n,Tween,Tween 60
conta_648,1687.97011,pos,[M+H]+,SLVNLGGSKSISISVAR,Peptide,keratin (human)
conta_649,1690.01121,pos,[AB30+Na]+,[C18H34O6][C2H4O]n,Tween,Tween 20
conta_650,1702.0476,pos,[AB29+Na]+,[C22H42O6][C2H4O]n,Tween,Tween 40
conta_651,1707.77214,pos,[M+H]+,GSLGGGFSSGGFSGGSFSR,Peptide,keratin (human)
conta_652,1708.71325,pos,[M+H]+,FSSCGGGGGSFGAGGGFGSR,Peptide,keratin (human)
conta_653,1713.80785,pos,[M+H]+,LGEHNIDVLEGNEQF,Peptide,"porcine trypsin, truncated"
conta_654,1716.85112,pos,[M+H]+,QISNLQQSISDAEQR,Peptide,keratin (human)
conta_655,1725.86287,pos,[M+H]+,VCNYVSWIKQTIASN,Peptide,bovine trypsin
conta_656,1728.06325,pos,[AB29+Na]+,[C24H44O6][C2H4O]n,Tween,Tween 80
conta_657,1730.0789,pos,[AB29+Na]+,[C24H46O6][C2H4O]n,Tween,Tween 60
conta_658,1734.03743,pos,[AB31+Na]+,[C18H34O6][C2H4O]n,Tween,Tween 20
conta_659,1744.92283,pos,[M+H]+,NNLEPILEGYISNLR,Peptide,keratin (human)
conta_660,1746.07381,pos,[AB30+Na]+,[C22H42O6][C2H4O]n,Tween,Tween 40
conta_661,1757.8527,pos,[M+H]+,VCNYVSWIKQTIASN (W - oxid.),Peptide,bovine trypsin
conta_662,1765.73471,pos,[M+H]+,FSSCcamGGGGGSFGAGGGFGSR,Peptide,keratin (human)
conta_663,1772.08946,pos,[AB30+Na]+,[C24H44O6][C2H4O]n,Tween,Tween 80
conta_664,1774.10511,pos,[AB30+Na]+,[C24H46O6][C2H4O]n,Tween,Tween 60
conta_665,1774.85026,pos,[M+H]+,IVGGYTCGANTVPY & CLK via S-S bond,Peptide,bovine trypsin
conta_666,1774.897,pos,[M+H]+,NIDVLEGNEQFINAAK,Peptide,porcine trypsin
conta_667,1778.06364,pos,[AB32+Na]+,[C18H34O6][C2H4O]n,Tween,Tween 20
conta_668,1790.10003,pos,[AB31+Na]+,[C22H42O6][C2H4O]n,Tween,Tween 40
conta_669,1791.72772,pos,[M+H]+,GGSGGSYGGGGSGGGYGGGSGSR,Peptide,keratin (human)
conta_670,1792.87858,pos,[M+H]+,LEAELGNMQGLVEDFK,Peptide,keratin
conta_671,1797.01165,pos,[M+H]+,NVQALEIELQSQLALK,Peptide,keratin
conta_672,1816.11568,pos,[AB31+Na]+,[C24H44O6][C2H4O]n,Tween,Tween 80
conta_673,1818.13133,pos,[AB31+Na]+,[C24H46O6][C2H4O]n,Tween,Tween 60
conta_674,1830.84056,pos,[M+H]+,SDQYGRVFTSWTGGGAAA,Peptide,lysyl endopeptidase (Lys-C)
conta_675,1834.12624,pos,[AB32+Na]+,[C22H42O6][C2H4O]n,Tween,Tween 40
conta_676,1837.96542,pos,[M+H]+,HGVQELEIELQSQLSK,Peptide,keratin
conta_677,1838.91439,pos,[M+H]+,SISISVAGGGGGFGAAGGFGGR,Peptide,keratin (human)
conta_678,1847.8051,pos,[M+H]+,SNMDNMFESYINNLR,Peptide,keratin
conta_679,1851.92693,pos,[M+H]+,TLNDMRQEYEQLIAK,Peptide,keratin
conta_680,1860.14189,pos,[AB32+Na]+,[C24H44O6][C2H4O]n,Tween,Tween 80
conta_681,1862.15754,pos,[AB32+Na]+,[C24H46O6][C2H4O]n,Tween,Tween 60
conta_682,1940.93485,pos,[M+H]+,LGEHNIDVLEGNEQFIN,Peptide,"porcine trypsin, truncated, methylated"
conta_683,1987.07801,pos,[M+H]+,"TLDNDIMLIKLSSPATLN, K methylated",Peptide,"porcine trypsin, methylated"
conta_684,1993.97666,pos,[M+H]+,THNLEPYFESFINNLR,Peptide,keratin (human)
conta_685,1993.98253,pos,[M+H]+,SSGGSSSVKFVSTTYSGVTR,Peptide,keratin (human)
conta_686,2003.07293,pos,[M+H]+,"TLDNDIMoxLIKLSSPATLN, K methylated",Peptide,"porcine trypsin, methylated"
conta_687,2021.98868,pos,[M+H]+,SSGGSSSVRFVSTTYSGVTR ,Peptide,keratin (human)
conta_688,2055.01485,pos,[M+H]+,RVLGQLHGGPSSCcamSATGTNR,Peptide,lysyl endopeptidase (Lys-C)
conta_689,2082.96483,pos,[M+H]+,AETECcamQNTEYQQLLDIK,Peptide,keratin
conta_690,2083.00908,pos,[M+H]+,LGEHNIDVLEGNEQFINAA,Peptide,"porcine trypsin, truncated"
conta_691,2109.01285,pos,[M+H]+,ELQSQISDTSVVLSMDNSR,Peptide,keratin
conta_692,2150.07777,pos,[M+H]+,THNLEPYFESFINNLRR,Peptide,keratin (human)
conta_693,2155.08522,pos,[M+H]+,IITHPNFNGNTLDNDIMLI,Peptide,"trypsin-like artefact, truncated"
conta_694,2163.05642,pos,[M+H]+,LGEDNINVVEGNEQFISASK,Peptide,bovine trypsin
conta_695,2171.02466,pos,[M+H]+,SDLEMQYETLQEELMALK,Peptide,keratin
conta_696,2184.12551,pos,[M+H]+,NKLNDLEDALQQAKEDLAR,Peptide,keratin
conta_697,2185.03837,pos,[M+Na]+,LGEDNINVVEGNEQFISASK sodiated,Peptide,bovine trypsin
conta_698,2193.00248,pos,[M+H]+,MFCAGYLEGGK & APILSDSSCK via S-S bond,Peptide,bovine trypsin
conta_699,2193.99436,pos,[M+K]+,SAYPGQITSNMFCAGYLEGGK,Peptide,bovine trypsin
conta_700,2201.01231,pos,[M+H]+,LGEDNINVVEGNEQFISASK potassiated,Peptide,bovine trypsin
conta_701,2208.9974,pos,[M+H]+,MoxFCAGYLEGGK & APILSDSSCK via S-S bond,Peptide,bovine trypsin
conta_702,2209.98927,pos,[M+H]+,SAYPGQITSNMoxFCAGYLEGGK ,Peptide,bovine trypsin
conta_703,2211.10404,pos,[M+H]+,LGEHNIDVLEGNEQFINAAK,Peptide,porcine trypsin
conta_704,2225.11969,pos,[M+H]+,"LGEHNIDVLEGNEQFINAAK, K part. methylated",Peptide,porcine trypsin
conta_705,2225.15608,pos,[f+H]+,SIVHPSYNSNTLNNDIMoxLIK -[CH3SOH],Peptide,"bovine trypsin, ion source fragment"
conta_706,2239.13534,pos,[M+H]+,"LGEHNIDVLEGNEQFINAAK, K methylated",Peptide,porcine trypsin
conta_707,2240.16966,pos,[M+H]+,ADLEFQIESLTEELAYLKK,Peptide,keratin
conta_708,2251.01582,pos,[M+H]+,SAYPGQITSNMFCcamAGYLEGGK,Peptide,bovine trypsin
conta_709,2267.01074,pos,[M+H]+,SAYPGQITSNMoxFCcamAGYLEGGK,Peptide,bovine trypsin
conta_710,2273.15944,pos,[M+H]+,SIVHPSYNSNTLNNDIMLIK,Peptide,bovine trypsin
conta_711,2283.18018,pos,[M+H]+,IITHPNFNGNTLDNDIMLIK,Peptide,bovine trypsin
conta_712,2283.18018,pos,[M+H]+,IITHPNFNGNTLDNDIMLIK,Peptide,porcine trypsin
conta_713,2286.12484,pos,[M+H]+,AEAESLYQSKYEELQITAGR,Peptide,keratin (human)
conta_714,2289.15437,pos,[M+H]+,SIVHPSYNSNTLNNDIMoxLIK (M - oxid.),Peptide,bovine trypsin
conta_715,2295.14139,pos,[M+Na]+,SIVHPSYNSNTLNNDIMLIK sodiated,Peptide,bovine trypsin
conta_716,2297.19584,pos,[M+H]+,"IITHPNFNGNTLDNDIMLIK, K part. methylated",Peptide,"porcine trypsin, methylated"
conta_717,2305.14928,pos,[M+H]+,SIVHPSYNSNTLNNDIMoxoxLIK (M - 2 oxid.),Peptide,bovine trypsin
conta_718,2311.13631,pos,[M+Na]+,SIVHPSYNSNTLNNDIMoxLIK (M - oxid.) sodiated,Peptide,bovine trypsin
conta_719,2321.20707,pos,[M+H]+,LQGIVSWGSGCAQKNKPGVYTK,Peptide,bovine trypsin
conta_720,2329.17425,pos,[M+H]+,QISNLQQSISDAEQRGENALK,Peptide,keratin
conta_721,2343.18901,pos,[M+Na]+,LQGIVSWGSGCAQKNKPGVYTK sodiated,Peptide,bovine trypsin
conta_722,2353.1969,pos,[M+H]+,LQGIVSWGSGCAQKNKPGVYTK (W - oxid.),Peptide,bovine trypsin
conta_723,2367.26267,pos,[M+H]+,NQILNLTTDNANILLQIDNAR,Peptide,keratin (human)
conta_724,2375.17884,pos,[M+Na]+,LQGIVSWGSGCAQKNKPGVYTK (W - oxid.) sodiated,Peptide,bovine trypsin
conta_725,2383.95186,pos,[M+H]+,GGGGGGYGSGGSSYGSGGGSYGSGGGGGGGR,Peptide,keratin (human)
conta_726,2400.27441,pos,[M+H]+,IIKHPNYSSWTLNNDIMLIK,Peptide,bovine trypsin
conta_727,2501.06722,pos,[M+H]+,AAFGGSGGRGSSSGGGYSSGSSSYGSGGR,Peptide,keratin (human)
conta_728,2501.25182,pos,[M+H]+,SKAEAESLYQSKYEELQITAGR,Peptide,keratin (human)
conta_729,2510.13177,pos,[M+H]+,EIETYHNLLEGGQEDFESSGAGK,Peptide,keratin (human)
conta_730,2514.33847,pos,[M+H]+,SIVHPSYNSNTLNNDIMLIKLK,Peptide,bovine trypsin
conta_731,2530.33339,pos,[M+H]+,SIVHPSYNSNTLNNDIMoxLIKLK,Peptide,bovine trypsin
conta_732,2550.23269,pos,[M+H]+,"VASISLPTSCASAGTQCLISGWGNTK, -S-S-bond",Peptide,bovine trypsin
conta_733,2552.24834,pos,[M+H]+,VASISLPTSCASAGTQCLISGWGNTK ,Peptide,bovine trypsin
conta_734,2564.18093,pos,[M+H]+,"SGSHFCGGSLINSQWVVSAAHCYK, -S-S- bond",Peptide,"porcine trypsin, methylated"
conta_735,2564.36786,pos,[M+H]+,EVTQLRHGVQELEIELQSQLSK,Peptide,keratin
conta_736,2566.27838,pos,[M+H]+,SKEEAEALYHSKYEELQVTVGR,Peptide,keratin (human)
conta_737,2581.19473,pos,[M+H]+,FSGECcamAPNVSVSVSTSHTTISGGGSR,Peptide,keratin
conta_738,2612.18093,pos,[M+H]+,"SGYHFCGGSLINSQWVVSAAHCYK, -S-S- bond",Peptide,bovine trypsin
conta_739,2613.34938,pos,[M+H]+,NKPGVYTKVCNYVSWIKQTIASN,Peptide,bovine trypsin
conta_740,2614.19658,pos,[M+H]+,SGYHFCGGSLINSQWVVSAAHCYK,Peptide,bovine trypsin
conta_741,2666.29127,pos,[M+H]+,VASISLPTSCcamASAGTQCcamLISGWGNTK ,Peptide,bovine trypsin
conta_742,2670.37084,pos,[M+H]+,NKPGVYTKVCcamNYVSWIKQTIASN,Peptide,bovine trypsin
conta_743,2705.16112,pos,[M+H]+,GGGGSFGYSYGGGSGGGFSASSLGGGFGGGSR,Peptide,keratin
conta_744,2707.41621,pos,[M+H]+,IQVRLGEHNIDVLEGNEQFINAAK,Peptide,"porcine trypsin, methylated"
conta_745,2720.36337,pos,[M+H]+,"IVGGYTCAAN & TKSSGSSYPSLLQCLK, via S-S bond",Peptide,"porcine trypsin, methylated"
conta_746,2728.23951,pos,[M+H]+,SGYHFCcamGGSLINSQWVVSAAHCcamYK,Peptide,bovine trypsin
conta_747,2746.41925,pos,[M+H]+,YCcamVQLSQIQAQISALEEQLQQIR,Peptide,keratin
conta_748,2748.39467,pos,[M+H]+,"IVGGYTCAAN & TKSSGSSYPSLLQCLK, via S-S bond, N-term. Methyl.",Peptide,"porcine trypsin, methylated"
conta_749,2807.31407,pos,[M+H]+,"SGSHFCGGSLINSQWVVSAAHCYKSR, -S-S- bond",Peptide,"porcine trypsin, methylated"
conta_750,2872.39278,pos,[M+H]+,NVSTGDVNVEMNAAPGVDLTQLLNNMR,Peptide,keratin
conta_751,2902.41052,pos,[M+H]+,NYSPYYNTIDDLKDQIVDLTVGNNK,Peptide,keratin
conta_752,2904.38261,pos,[M+H]+,NVSTGDVNVEMoxNAAPGVDLTQLLNNMoxR,Peptide,keratin
conta_753,2914.50576,pos,[M+H]+,"LGEHNIDVLEGNEQFINAAKIITHPN, K methylated",Peptide,"porcine trypsin, methylated"
conta_754,2932.51632,pos,[M+H]+,FLEQQNQVLQTKWELLQQVDTSTR,Peptide,keratin (human)
conta_755,3211.47446,pos,[M+H]+,SAYPGQITSNMFCAGYLEGGK & APILSDSSCK via S-S bond,Peptide,bovine trypsin
conta_756,3223.28159,pos,[M+H]+,GGSGGSHGGGSGFGGESGGSYGGGEEASGSGGGYGGGSGK,Peptide,keratin
conta_757,3227.46937,pos,[M+H]+,SAYPGQITSNMoxFCAGYLEGGK & APILSDSSCK via S-S bond,Peptide,bovine trypsin
conta_758,3312.30814,pos,[M+H]+,GSYGSGGSSYGSGGGSYGSGGGGGGHGSYGSGSSSGGYR,Peptide,keratin (human)
conta_759,3337.73214,pos,[M+H]+,IITHPNFNGNTLDNDIMLIRLSSPATLNSR,Peptide,"trypsin-like artefact, truncated"
conta_760,3346.68149,pos,[M+H]+,"LGEHNIDVLEGNEQFINAAKIITHPNFNGN, K methylated",Peptide,"porcine trypsin, methylated"
conta_761,3353.72706,pos,[M+H]+,IITHPNFNGNTLDNDIMoxLIRLSSPATLNSR,Peptide,"trypsin-like artefact, truncated"
conta_762,26.00362,neg,f-,CN,NA,Fragment from acetonitrile 
conta_763,44.9982,neg,[M-H]-,HCOOH,NA,"Formic acid, FA (anion)"
conta_764,59.01385,neg,[M-H]-,CH3COOH,NA,"Acetic Acid, Ac (anion)"
conta_765,78.95906,neg,[M-H3O]-,H3PO4,NA,"Phosphoric acid (phosphate, anion) also from oligonucleotides or phosphopeptides"
conta_766,79.95737,neg,[M-H2O]-,H2SO4,NA,"Sulfuric acid (sulfate, anion) also from other sulfated materials"
conta_767,94.98084,neg,[M-H]-,CH3SO3H,NA,"Methanesulfuric acid (methanesulfonate, anion)"
conta_768,96.96011,neg,[M-H]-,H2SO4,NA,"Sulfuric acid (sulfate, anion)"
conta_769,96.96962,neg,[M-H]-,H3PO4,NA,"Phosphoric acid (phosphate, anion) also from oligonucleotides or phosphopeptides"
conta_770,112.98559,neg,[M-H]-,CF3COOH,NA,"Trifluoroacetic acid, TFA (anion)"
conta_771,112.98563,neg,[M2+Na-2H]-,HCOOH,NA,"Formic acid, dimer, FA (anion)"
conta_772,126.90502,neg,A-,I,NA,Iodine anion (Iodide)
conta_773,162.9824,neg,[M-H]-,CF3CF2COOH,NA,"Pentafluoropropionic acid, Perfluoropropionic acid"
conta_774,212.07507,neg,[M-H]-,C10H15NO2S,NA,n-butyl benzenesulfonamide
conta_775,226.97845,neg,[M2-H]-,CF3COOH,NA,"Trifluoroacetic acid, TFA (anion)"
conta_776,248.9604,neg,[M2+Na-2H]-,CF3COOH,NA,"Trifluoroacetic acid, TFA, sodiated (anion)"
conta_777,255.23295,neg,[M-H]-,C16H32O2,NA,Palmitic acid (carboxylate anion) C16:0
conta_778,281.2486,neg,[M-H]-,C18H34O2,NA,Oleic acid (carboxylate anion) C18:1
conta_779,283.26425,neg,[M-H]-,C18H36O2,NA,Stearic acid (carboxylate anion) 18:0
conta_780,316.7391,neg,[63CuI+I]-,CuI,NA,Copper catalyst iodide adduct
conta_781,318.73729,neg,[65CuI+I]-,CuI,NA,Copper catalyst iodide adduct